1,849971,0,0,0,0,0,0,0,1,1,1,0,0,0,0,0,0,0,0,5.600925459,0,0,0,1,0,0,0,0,0,0,0,0,0,0,0,0,0,0,0,0,0,0,0,0,10.73801613,1,1,1,1,1,1,1,1,1,1,0,0,0,0,0,3,20.43828392,0,0,0,0,0,0,0,0,0,0,0,0,0,0,2,0,0,0,0,1,0,0,1,0,0,0,0,0,0,1,0,0,0,0,0,0,0,0,0,0,0,0,0,0,0,79,1,2793,5,0,0,0,0,0,0,0,0,0,0,0,0,0,0,0,0,0,0,0,0,0,0,0,0,0,0,0,0,0,0,0,0,0,0,0,0,5.364330556,0,25.19763153,28.91573328,2.04E-04,0,0,0,0,1,1,0,0,1,1,0,0,1,0,1,0,0,0,0,0,0,0,0,0,0,0,0,0,0,0,0,0,1,1,0,0,0,1,1,0,1,1,1,1,1,0,1,1,0,0,0,0,0,0,0,0,0,0,0,0,0,0,0,0,0,0,0,0,0,0,0,0,0,0,0,0,0,0,0,1,1,1,0,0,0,0,0,0,0,1,0,0,1,1,1,1,1,1,1,1,1,0,0,1,1,1,1,0,0,0,0,1,1,0,1,1,0,0,1,0,1,0,0,1,0,0,0,0,0,0,0,0,1,0,1,0,0,0,0,0,0,0,1,0,0,0,0,0,1,0,0,0,0,FALSE
2,849971,0,0,0,0,0,0,0,1,0,0,0,0,0,0.965062737,0,0.965062737,0,0,3.733950306,0.152908746,0,0.157444178,1,0,0,0,0,0,0,0,0,0,0,0,0,0,0,0,0,0,0,0,0,15.28131104,1,1,1,1,1,1,1,1,1,1,1,1,1,1,0,0,0,0,0,0,0,2,-9.566349707,0,0,0,0,0,0,0,0,0,0,0,0,0,1,0,0,1,0,0,0,0.913930474,0.969768023,0.982916157,0.142857143,0,0,0,0,1.659581079,0,0,0,0,0,0,0,0,0,0,0,0,0,0,0,0,0,0,0,0,0,0,0,0,0,0,0,0,0,0,1.930125475,0.965062737,0,0,0,0,0,0,0,0,0,0,0,0,0,0,28.8,0,0,0,6.80654492,0,23.75954817,30.56609309,1.17E-04,1.46E-06,0,0,0,1,1,0,0,1,1,0,0,1,0,1,0,0,0,0,0,0,0,0,0,0,0,0,0,0,0,0,0,1,1,0,0,0,1,1,0,1,1,1,1,1,0,1,1,0,0,0,0,0,0,0,0,0,0,0,0,0,0,0,0,0,0,0,0,0,0,0,0,0,0,0,0,0,0,0,0,0,0,0,0,0,0,0,0,0,1,0,0,1,1,1,1,1,0,0,1,1,1,1,1,1,1,1,0,0,0,0,1,1,0,1,1,1,0,1,0,1,0,0,1,0,0,0,0,0,0,0,0,1,0,1,0,0,0,0,0,0,0,1,0,0,0,0,0,1,1,1,1,1,FALSE
3,849971,0,0,0,0,0,0,0,1,0,0,0,0,0,0,0,0,0,0,3.733950306,0.106957068,0,0.110129526,1,0,0,0,0,0,0,0,0,0,0,0,0,0,0,0,0,0,0,0,0,3.873124123,1,1,1,0,0,0,0,0,0,0,0,0,0,0,0,0,0,0,0,0,0,0,0,0,0,2,-9.302513437,0,0,0,0,1,0,0,0,0,1,0,0,1,0,0,0,0.89794801,0.961932539,1.058733361,0.428571429,0,0,0,0,0,0,0,0,0,0,0,0,0,0,0,0,0,0,0,0,0,0,0,0.003367876,0,0,0,0,0,0,0,0,0,0,0,0,0,0,0,0,0,0,0,0,0,0,0,0,0,0,0,0,0,0,0,1.916974596,0,30.06688972,31.98386431,2.48E-04,3.43E-07,0,0,0,1,1,0,0,1,1,0,0,1,0,1,0,0,0,0,0,0,0,0,0,0,0,0,0,0,0,0,0,1,1,0,0,0,1,1,0,1,1,1,1,1,0,1,1,0,0,0,0,0,0,0,0,0,0,0,0,0,0,0,0,0,0,0,0,0,0,0,0,0,0,0,0,0,0,0,0,0,0,0,0,0,0,0,0,0,1,0,0,1,0,0,1,1,1,1,1,1,1,1,1,1,1,1,0,0,0,0,1,1,0,1,1,0,0,1,0,1,0,0,1,0,0,0,0,0,0,0,0,1,0,1,0,0,0,0,0,0,0,1,0,0,0,0,0,1,1,1,1,1,FALSE
4,849971,0,0,0,0,0,0,0,1,0,0,0,0,0,0,0,0.965062737,0,0,3.733950306,0.106957068,0,0.110129526,1,0,0,0,0,0,0,0,0,0,0,0,0,0,0,0,0,0,0,0,0,2.59593749,1,1,0,0,0,0,0,0,0,0,0,0,0,0,0,0,21.16933441,0,0,0,0,0,0,0,0,3,-9.460721226,0,0,0,0,1,0,0,0,0,1,0,0,1,0,0,0,0.927953075,1.062682777,1.123268881,0.285714286,0,0,0,0,0,0,0,0,0,0,0,0,0,0,0,0,0,0,0,0,0,0,0,0.007647059,0,0,0,0,0,0,0,0,0,0,0,1.965062737,0.723797053,0,0,0,0,0,0,0,10,0,0,0,0,1,0,0,0,0,0,15.44778427,8.753380458,24.52557358,37.34105347,0.006635086,1.60E-06,0,0,0,1,1,0,0,1,1,0,0,1,0,1,0,0,0,0,0,0,0,0,0,0,0,0,0,0,0,0,0,1,1,0,0,0,1,1,0,1,0,1,0,1,0,1,1,0,0,0,0,0,0,0,0,0,0,0,0,0,0,0,0,0,0,0,0,0,0,0,0,0,0,0,0,0,0,0,0,0,0,0,0,0,0,0,0,0,1,0,0,1,0,0,1,1,1,1,1,1,0,0,1,1,1,1,0,0,0,0,1,1,0,1,1,0,0,1,0,1,0,0,1,0,0,0,0,0,0,0,0,1,0,1,0,0,0,0,0,0,0,1,0,0,0,0,0,1,1,1,1,1,FALSE
5,849971,0,0,0,0,0,0,0,1,0,0,0,0,0,0,0,0,0,0,3.733950306,0.152908746,0,0.157444178,1,0,0,0,0,0,0,0,0,0,0,0,0,0,0,0,0,0,0,0,0,6.783912659,1,1,1,1,1,1,0,0,0,0,0,0,0,0,0,0,0,0,0,0,0,2,-9.566349707,0,0,0,0,0,0,0,0,0,0,0,0,0,1,0,0,1,0,0,0,0,0,0,0.857142857,0,0,0,0,1.659581079,0,0,0,0,0,0,0,0,0,0,0,0,3456,0,0,0,0,0,0.011764706,0,0,0,0,0,0,0,0,0,0,0,0,0,0,0,0,0,0,0,0,8,0,0,0,0,0,0,15,0,0,0,6.80654492,0,23.75954817,30.56609309,1.17E-04,1.46E-06,0,0,0,1,1,0,0,1,1,0,0,1,0,1,0,0,0,0,0,0,0,0,0,0,0,0,0,0,0,0,0,1,1,0,0,0,1,1,0,1,0,1,0,1,0,1,1,0,0,0,0,0,0,0,0,0,0,0,0,0,0,0,0,0,0,0,0,0,0,0,0,0,0,0,0,0,0,0,1,1,1,0,0,0,0,0,0,0,1,0,0,1,1,1,1,1,0,0,1,1,1,1,1,1,1,1,0,0,0,0,1,1,0,1,1,1,0,1,0,1,0,0,1,0,0,0,0,0,0,0,0,1,0,1,0,0,0,0,0,0,0,1,0,0,0,0,0,1,1,0,1,1,FALSE
6,849971,0,0,0,0,0,0.526397857,0,1,0,0,0,0,0,0,0,0,0,0,5.713644681,0.223867852,0,0.230508004,1,0,0,0,0,0,0,0,0,0,0,0,0,0,0,0,0,0,0,0,0,4.13322258,1,1,1,1,0,0,0,0,0,0,0,0,0,0,0,0,0,0,0,0,0,3,-9.782935609,0,0,0,0,0,0,0,0,0,0,0,0,0,1,0,0,1,0,0,0,0.733021608,0.815292199,0.875292823,0.428571429,0,0,0,0,0,0,0,0,0,0,0,0,0,0,0,0,0,0,0,0,0,0,0,0.051485149,0,0,0,0,0,0,0,0,0,0,0,0,0.526397857,0,0,0,0,0,0,0,0,0,0,0,0,0,0,0,0,0,0,0.262490392,0,23.26210526,23.52459565,1.86E-04,4.15E-06,0,0,0,1,1,0,0,1,1,0,0,1,0,1,0,0,0,0,0,0,0,0,0,0,0,0,0,0,0,0,0,1,1,0,0,0,1,1,0,1,1,1,1,1,0,1,1,0,0,0,0,0,0,0,0,0,0,0,0,0,0,0,0,0,0,0,0,0,0,0,0,0,0,0,0,0,0,0,0,0,0,0,0,0,0,0,0,0,1,0,0,1,1,1,1,1,0,0,1,1,1,1,1,1,1,1,0,0,0,0,1,1,0,1,1,1,0,1,0,1,0,0,1,0,0,0,0,0,0,0,0,1,0,1,0,0,0,0,0,0,0,1,0,0,0,0,0,1,1,1,1,1,FALSE
7,849971,0,0,0,0,0,0.965062737,0,1,0,0,0,0,0,0.965062737,0,0,0,0,3.733950306,0.152908746,0,0.157444178,1,0,0,0,0,0,0,0,0,0,0,0,0,0,0,0,0,0,0,0,0,5.284014702,1,1,1,1,1,0,0,0,0,0,0,0,0,0,0,0,0,0,0,0,0,2,-9.566349707,0,0,0,0,0,0,0,0,0,0,0,0,0,1,0,0,1,0,0,0,0.754568844,1.224178601,1.256472522,0.428571429,0,0,0,0,1.659581079,0,0,0,0,0,0,0,0,0,0,0,0,40473,0,0,0,0,0,0,0,0,0,0,0,0,0,0,0.273037543,4,0,1.965062737,0.965062737,0,0,0,0,0,0,0,6,0,0,0,0,1,0,60.13419167,0,0,0,6.80654492,0,20.365327,27.17187192,1.17E-04,1.46E-06,0,0,0,1,1,0,0,1,1,0,0,1,0,1,0,0,0,0,0,0,0,0,0,0,0,0,0,0,0,0,0,1,1,0,0,0,1,1,0,1,0,1,0,1,0,1,1,0,0,0,0,0,0,0,0,0,0,0,0,0,0,0,0,0,0,0,0,0,0,0,0,0,0,0,0,0,0,0,0,0,0,0,0,0,0,0,0,0,1,0,0,1,1,1,1,1,0,0,1,1,1,1,1,1,1,1,0,0,0,0,1,1,0,1,1,1,0,1,0,1,0,0,1,0,0,0,0,0,0,0,0,1,0,1,0,0,0,0,0,0,0,1,0,0,0,0,0,1,1,0,1,1,FALSE
8,849971,0,0,0,0,0,0,0,1,0,0,0,0,0,0,0,0,0,0,3.733950306,0.106957068,0,0.110129526,1,0,0,0,0,0,0,0,0,0,0,0,0,0,0,0,0,0,0,0,0,3.076519251,1,1,1,0,0,0,0,0,0,0,0,0,0,0,0,0,0,0,0,0,0,0,0,0,0,3,-9.460721226,0,0,0,0,1,0,0,0,0,1,0,0,1,0,0,0,0.859156065,0.942584835,0.948520091,0.142857143,0,0,0,0,0,0,0,0,0,0,0,0,0,0,0,0,0,0,0,0,0,0,0,0.007647059,0,0,0,0,0,0,0,0,0,0,0,0,0,0,0,0,0,0,0,0,0,0,0,0,0,0,0,0,0,0,0,7.279478809,0.153659364,30.65696697,38.09010515,2.73E-04,7.99E-07,0,0,0,1,1,0,0,1,1,0,0,1,0,1,0,0,0,0,0,0,0,0,0,0,0,0,0,0,0,0,0,1,1,0,0,0,1,1,0,1,1,1,1,1,0,1,1,0,0,0,0,0,0,0,0,0,0,0,0,0,0,0,0,0,0,0,0,0,0,0,0,0,0,0,0,0,0,0,0,0,0,0,0,0,0,0,0,0,1,0,0,1,0,0,1,1,1,1,1,1,1,1,1,1,1,1,0,0,0,0,1,1,0,1,1,0,0,1,0,1,0,0,1,0,0,0,0,0,0,0,0,1,0,1,0,0,0,0,0,0,0,1,0,0,0,0,0,1,1,1,1,1,FALSE
9,849971,0,0,0,0,0,0.752571859,0,1,0,0,0,0,0,0.965062737,0,0,0,0,3.733950306,0.152908746,0,0.157444178,1,0,0,0,0,0,0,0,0,0,0,0,0,0,0,0,0,0,0,0,0,3.776710272,1,1,1,0,0,0,0,0,0,0,0,0,0,0,0,0,0,0,0,0,0,2,-9.566349707,0,0,0,0,0,0,0,0,0,0,0,0,0,1,0,0,1,0,0,0,1.003703813,1.010312117,1.055447023,0.428571429,0,0,0,0,1.659581079,0,0,0,0,0,0,0,0,0,0,0,0,0,0,0,0,0,0,0,0,0,0,0,0,0,0,0,0,0,0,0.965062737,0.752571859,0,0,0,0,0,0,3,6,0,0,0,0,0,0,60.13419167,0,0,0,6.80654492,0,20.365327,27.17187192,1.17E-04,1.46E-06,0,0,0,1,1,0,0,1,1,0,0,1,0,1,0,0,0,0,0,0,0,0,0,0,0,0,0,0,0,0,0,1,1,0,0,0,1,1,0,1,0,1,0,1,0,1,1,0,0,0,0,0,0,0,0,0,0,0,0,0,0,0,0,0,0,0,0,0,0,0,0,0,0,0,0,0,0,0,0,0,0,0,0,0,0,0,0,0,1,0,0,1,1,1,1,1,0,0,1,1,1,1,1,1,1,1,0,0,0,0,1,1,0,1,1,1,0,1,0,1,0,0,1,0,0,0,0,0,0,0,0,1,0,1,0,0,0,0,0,0,0,1,0,0,0,0,0,1,1,1,1,1,FALSE
10,849971,0,0,0,0,0,0.965062737,0,1,1,1,0,0,0,0,0,0,0,0,6.195206196,0.106957068,0,0.110129526,1,0,0,0,0,0,0,0,0,0,0,0,0,0,0,0,0,0,0,0,0,12.716362,1,1,1,1,1,1,1,1,1,1,1,1,0,0,0,0,0,0,0,0,0,0,0,0,0,3,-9.460721226,0,0,0,0,1,0,0,0,0,1,0,0,1,0,0,0,0,0,0,0.857142857,0,0,0,0,0,0,0,0,0.666666687,2,2,0,0,0,0,20,4,3265,5,0,0,0,0,0.007647059,0,0,0,0,0,0,0,0,0,0,0,0,0.965062737,0,0,0,0,0,0,0,0,0,0,0,0,0,0,0,0,0,0,0.763536449,0,20.70196678,21.46550323,2.73E-04,7.99E-07,0,0,0,1,1,0,0,1,1,0,0,1,0,1,0,0,0,0,0,0,0,0,0,0,0,0,0,0,0,0,0,1,1,0,0,0,1,1,0,1,1,1,1,1,0,1,1,0,0,0,0,0,0,0,0,0,0,0,0,0,0,0,0,0,0,0,0,0,0,0,0,0,0,0,0,0,0,0,1,1,1,0,0,0,0,0,0,0,1,0,0,1,0,0,1,1,1,1,1,1,1,1,1,1,1,1,0,0,0,0,1,1,0,1,1,0,0,1,0,1,0,0,1,0,0,0,0,0,0,0,0,1,0,1,0,0,0,0,0,0,0,1,0,0,0,0,0,1,0,0,0,0,FALSE
11,849971,0,0,0,0,0,0,0,1,0,0,0,0,0,0,0,0,0,0,3.733950306,0.152908746,0,0.157444178,1,0,0,0,0,0,0,0,0,0,0,0,0,0,0,0,0,0,0,0,0,6.05525589,1,1,1,1,1,1,0,0,0,0,0,0,0,0,0,0,0,0,0,0,0,2,-9.566349707,0,0,0,0,0,0,0,0,0,0,0,0,0,1,0,0,1,0,0,0,0,0,0,1,0,0,0,0,1.659581079,0,0,0,0,0,0,0,0,0,0,0,0,0,0,0,0,0,0,0,0,0,0,0,0,0,0,0,0,0,0,0,0,0,0,0,0,0,0,0,0,0,0,0,0,0,0,15,0,0,0,6.80654492,0,23.75954817,30.56609309,1.17E-04,1.46E-06,0,0,0,1,1,0,0,1,1,0,0,1,0,1,0,0,0,0,0,0,0,0,0,0,0,0,0,0,0,0,0,1,1,0,0,0,1,1,0,1,1,1,1,1,0,1,1,0,0,0,0,0,0,0,0,0,0,0,0,0,0,0,0,0,0,0,0,0,0,0,0,0,0,0,0,0,0,0,1,1,1,0,0,0,0,0,0,0,1,0,0,1,1,1,1,1,0,0,1,1,1,1,1,1,1,1,0,0,0,0,1,1,0,1,1,1,0,1,0,1,0,0,1,0,0,0,0,0,0,0,0,1,0,1,0,0,0,0,0,0,0,1,0,0,0,0,0,1,1,1,1,1,FALSE
12,849971,0,0,0,0,0,0.766555802,0,1,0,0,0,0,0,0,0,0,0,0,3.733950306,0.152908746,0,0.157444178,1,0,0,0,0,0,0,0,0,0,0,0,0,0,0,0,0,0,0,0,0,3.435326338,1,1,1,0,0,0,0,0,0,0,0,0,0,0,0,0,0,0,0,0,0,2,-9.566349707,0,0,0,0,0,0,0,0,0,0,0,0,0,1,0,0,1,0,0,0,0.938919451,0.984307008,1.102947056,0.142857143,0,0,0,0,1.659581079,0,0,0,0,0,0,0,0,0,0,0,0,0,0,0,0,0,0,0.011555556,0,0,0,0,0,0,0,0,0,0,0,0,0.766555802,0,0,0,0,0,0,2,8,0,0,0,0,0,0,15,0,0,0,6.80654492,0,23.75954817,30.56609309,1.17E-04,1.46E-06,0,0,0,1,1,0,0,1,1,0,0,1,0,1,0,0,0,0,0,0,0,0,0,0,0,0,0,0,0,0,0,1,1,0,0,0,1,1,0,1,0,1,0,1,0,1,1,0,0,0,0,0,0,0,0,0,0,0,0,0,0,0,0,0,0,0,0,0,0,0,0,0,0,0,0,0,0,0,0,0,0,0,0,0,0,0,0,0,1,0,0,1,1,1,1,1,0,0,1,1,1,1,1,1,1,1,0,0,0,0,1,1,0,1,1,1,0,1,0,1,0,0,1,0,0,0,0,0,0,0,0,1,0,1,0,0,0,0,0,0,0,1,0,0,0,0,0,1,1,1,1,1,FALSE
13,849971,0,0,0,0,0,0.868556464,0,1,0,0,0,0,0,0,0,0,0,0,6.85364306,0.152908746,0,0.157444178,1,0,0,0,0,0,0,0,0,0,0,0,0,0,0,0,0,0,0,0,0,5.817008972,1,1,1,1,1,0,0,0,0,0,0,0,0,0,0,0,0,0,0,0,0,2,-9.566349707,0,0,0,0,0,0,0,0,0,0,0,0,0,1,0,0,1,0,0,0,0,0,0,1,0,0,0,0,1.659581079,0,0,0,0,0,0,0,0,0,0,0,0,0,0,0,0,0,0,0.011555556,0,0,0,0,0,0,0,0,0,0,0,0,0.868556464,0,0,0,0,0,0,0,0,0,0,0,0,0,0,15,0,0,0,7.219062794,0,23.75954817,30.97861096,1.17E-04,1.46E-06,0,0,0,1,1,0,0,1,1,0,0,1,0,1,0,0,0,0,0,0,0,0,0,0,0,0,0,0,0,0,0,1,1,0,0,0,1,1,0,1,1,1,1,1,0,1,1,0,0,0,0,0,0,0,0,0,0,0,0,0,0,0,0,0,0,0,0,0,0,0,0,0,0,0,0,0,0,0,1,1,1,0,0,0,0,0,0,0,1,0,0,1,1,1,1,1,0,0,1,1,1,1,1,1,1,1,0,0,0,0,1,1,0,1,1,1,0,1,0,1,0,0,1,0,0,0,0,0,0,0,0,1,0,1,0,0,0,0,0,0,0,1,0,0,0,0,0,1,1,1,1,1,FALSE
14,849971,0,0,0,0,0,0,0,1,1,1,0,0,0,0.965062737,0,0.965062737,0,0,21.66398549,0.223867852,0,0.230508004,1,0,0,0,0,0,0,0,0,0,0,0,0,0,0,0,0,0,0,0,0,6.321742535,1,1,1,1,1,1,0,0,0,0,0,0,0,0,0,0,0,0,0,0,0,3,-9.782935609,0,0,0,0,0,0,0,0,0,0,0,0,0,1,0,0,1,0,0,0,0.921613396,0.92426078,1.149280513,0.428571429,0,0,0,0,0,0,0,0,0,0,0,0,0,0,0,0,0,0,0,0,0,0,0,0.051485149,0,0,0,0,0,0,0,0,0,0,0,1.930125475,0.965062737,0,0,0,0,0,0,0,0,0,0,0,0,0,0,37.93017877,0,0,0,2.23116833,0,27.91452631,30.14569464,1.86E-04,4.15E-06,0,0,0,1,1,0,0,1,1,0,0,1,0,1,0,0,0,0,0,0,0,0,0,0,0,0,0,0,0,0,0,1,1,0,0,0,1,1,0,1,1,1,1,1,0,1,1,0,0,0,0,0,0,0,0,0,0,0,0,0,0,0,0,0,0,0,0,0,0,0,0,0,0,0,0,0,0,0,0,0,0,0,0,0,0,0,0,0,1,0,0,1,1,1,1,1,0,0,1,1,1,1,1,1,1,1,0,0,0,0,1,1,0,1,1,1,0,1,0,1,0,0,1,0,0,0,0,0,0,0,0,1,0,1,0,0,0,0,0,0,0,1,0,0,0,0,0,1,1,1,1,1,FALSE
15,849971,0,0,0,0,0,0.965062737,0,1,0,0,0,0,0,0,0,0,0,0,5.600925459,0,0,0,1,0,0,0,0,0,0,0,0,0,0,0,0,0,0,0,0,0,0,0,0,1.698494554,1,0,0,0,0,0,0,0,0,0,0,0,0,0,0,3,20.43828392,0,0,0,0,0,0,0,0,0,0,0,0,0,0,2,0,0,0,0,1,0,0,1,0,0,0,0.952998369,0.996841135,1.025222848,0.142857143,0,0,0,0,0,0,0,0,0,0,0,0,0,0,0,0,0,0,0,0,0,0,0,0,0,0,0,0,0,0,0,0,0,0,0,0,0.965062737,0,0,0,0,0,0,0,7,0,0,0,0,0,0,0,0,0,0,7.519545708,0,28.49014411,34.36010401,2.04E-04,0,0,0,0,1,1,0,0,1,1,0,0,1,0,1,0,0,0,0,0,0,0,0,0,0,0,0,0,0,0,0,0,1,1,0,0,0,1,1,0,1,0,1,0,1,0,1,1,0,0,0,0,0,0,0,0,0,0,0,0,0,0,0,0,0,0,0,0,0,0,0,0,0,0,0,0,0,0,0,0,0,0,0,0,0,0,0,0,0,1,0,0,1,1,1,1,1,1,1,1,1,0,0,1,1,1,1,0,0,0,0,1,1,0,1,1,0,0,1,0,1,0,0,1,0,0,0,0,0,0,0,0,1,0,1,0,0,0,0,0,0,0,1,0,0,0,0,0,1,1,1,1,1,FALSE
16,849971,0,0,0,0,0,0,0,1,1,1,0,0,0,0,0,0.965062737,0,0,6.534413035,0,0,0,1,0,0,0,0,0,0,0,0,0,0,0,0,0,0,0,0,0,0,0,0,13.33540058,1,1,1,1,1,1,1,1,1,1,1,1,1,0,0,1,21.11171722,0,0,0,0,0,-8.502865578,0,0,0,0,0,0,0,0,3,0,0,0,0,0,0,0,1,0,0,0,0,0,0,0.857142857,0,0,0,0,0,0,0,0,0.666666687,2,2,0,0,0,0,30,1,3374,5,0,0,0,0,0,0,0,0,0,0,0,0,0,0,0,0,0.965062737,0.965062737,0,0,0,0,0,0,0,0,0,0,0,0,0,0,0,0,0,0,16.55375267,7.924256345,28.32963498,48.55682856,0.006058624,0,0,0,0,1,1,0,0,1,1,0,0,1,0,1,0,0,0,0,0,0,0,0,0,0,0,0,0,0,0,0,0,1,1,0,0,0,1,1,0,1,1,1,1,1,0,1,1,0,0,0,0,0,0,0,0,0,0,0,0,0,0,0,0,0,0,0,0,0,0,0,0,0,0,0,0,0,0,0,1,1,1,0,0,0,0,0,0,0,1,0,0,1,1,1,1,1,0,0,1,1,0,0,1,1,1,1,0,0,0,0,1,1,0,1,1,0,0,1,0,1,0,0,1,0,0,0,0,0,0,0,0,1,0,1,0,0,0,0,0,0,0,1,0,0,0,0,0,1,0,0,0,0,FALSE
17,849971,0,0,0,0,0,0.965062737,0,1,0,0,0,0,0,0,0,0,0,0,6.220147571,0.152908746,0,0.157444178,1,0,0,0,0,0,0,0,0,0,0,0,0,0,0,0,0,0,0,0,0,3.261965752,1,1,1,0,0,0,0,0,0,0,0,0,0,0,0,0,0,0,0,0,0,2,-9.566349707,0,0,0,0,0,0,0,0,0,0,0,0,0,1,0,0,1,0,0,0,0.931458508,0.957132384,1.006836673,0.285714286,0,0,0,0,1.659581079,0,0,0,0,0,0,0,0,0,0,0,0,0,0,0,0,0,0,0.011555556,0,0,0,0,0,0,0,0,0,0,0,0,0.965062737,0,0,0,0,0,0,4,8,0,0,0,0,0,0,0,0,0,0,7.012803857,0,23.75954817,30.77235202,1.17E-04,1.46E-06,0,0,0,1,1,0,0,1,1,0,0,1,0,1,0,0,0,0,0,0,0,0,0,0,0,0,0,0,0,0,0,1,1,0,0,0,1,1,0,1,0,1,0,1,0,1,1,0,0,0,0,0,0,0,0,0,0,0,0,0,0,0,0,0,0,0,0,0,0,0,0,0,0,0,0,0,0,0,0,0,0,0,0,0,0,0,0,0,1,0,0,1,1,1,1,1,0,0,1,1,1,1,1,1,1,1,0,0,0,0,1,1,0,1,1,1,0,1,0,1,0,0,1,0,0,0,0,0,0,0,0,1,0,1,0,0,0,0,0,0,0,1,0,0,0,0,0,1,1,1,1,1,FALSE
18,849971,0,0,0,0,0,0.723797053,0,1,0,0,0,0,0,0,0,0,0,0,3.733950306,0.152908746,0,0.157444178,1,0,0,0,0,0,0,0,0,0,0,0,0,0,0,0,0,0,0,0,0,1.675688386,1,0,0,0,0,0,0,0,0,0,0,0,0,0,0,0,0,0,0,0,0,2,-9.566349707,0,0,0,0,0,0,0,0,0,0,0,0,0,1,0,0,1,0,0,0,0.940854085,0.973548759,1.019270323,0.142857143,0,0,0,0,1.659581079,0,0,0,0,0,0,0,0,0,0,0,0,0,0,0,0,0,0,0.011555556,0,0,0,0,0,0,0,0,0,0,0,0,0.723797053,0,0,0,0,0,0,0,0,0,0,0,0,0,0,15,0,0,0,6.80654492,0,23.75954817,30.56609309,1.17E-04,1.46E-06,0,0,0,1,1,0,0,1,1,0,0,1,0,1,0,0,0,0,0,0,0,0,0,0,0,0,0,0,0,0,0,1,1,0,0,0,1,1,0,1,1,1,1,1,0,1,1,0,0,0,0,0,0,0,0,0,0,0,0,0,0,0,0,0,0,0,0,0,0,0,0,0,0,0,0,0,0,0,0,0,0,0,0,0,0,0,0,0,1,0,0,1,1,1,1,1,0,0,1,1,1,1,1,1,1,1,0,0,0,0,1,1,0,1,1,1,0,1,0,1,0,0,1,0,0,0,0,0,0,0,0,1,0,1,0,0,0,0,0,0,0,1,0,0,0,0,0,1,1,1,1,1,FALSE
19,849971,0,0,0,0,0,0,0,1,0,0,0,0,0,0,0,0,0,0,10.24836788,0.229363119,0,0.236166267,1,0,0,0,0,0,0,0,0,0,0,0,0,0,0,0,0,0,0,0,0,2.240268469,1,1,0,0,0,0,0,0,0,0,0,0,0,0,0,0,0,0,0,0,0,2,-9.566349707,0,0,0,0,0,0,0,0,0,0,0,0,0,1,0,0,1,0,0,0,0.323691234,1.174669854,0,0.714285714,0,0,0,0,1.659581079,0,0,0,0,0,0,0,0,0,0,0,0,0,0,0,0,0,0,0,0,0,0,0,0,0,0,0,0,0,0,0,0,0,0,0,0,0,0,0,0,0,0,0,0,0,0,11.25,0,0,0,8.972263758,0.365957993,23.75954817,33.09776992,1.17E-04,4.37E-06,0,0,0,1,1,0,0,1,1,0,0,1,0,1,0,0,0,0,0,0,0,0,0,0,0,0,0,0,0,0,0,1,1,0,0,0,1,1,0,1,1,1,1,1,0,1,1,0,0,0,0,0,0,0,0,0,0,0,0,0,0,0,0,0,0,0,0,0,0,0,0,0,0,0,0,0,0,0,0,0,1,0,0,0,0,0,0,0,1,0,0,1,1,1,1,1,0,0,1,1,1,1,1,1,1,1,0,0,0,0,1,1,0,1,1,1,0,1,0,1,0,0,1,0,0,0,0,0,0,0,0,1,0,1,0,0,0,0,0,0,0,1,0,0,0,0,0,1,1,1,1,1,FALSE
20,849971,0,0,0,0,0,0,0,1,0,0,0,0,0,0,0,0,0,0,3.733950306,0.106957068,0,0.110129526,1,0,0,0,0,0,0,0,0,0,0,0,0,0,0,0,0,0,0,0,0,5.688092232,1,1,1,1,1,0,0,0,0,0,0,0,0,0,0,0,0,0,0,0,0,0,0,0,0,2,-9.302513437,0,0,0,0,1,0,0,0,0,1,0,0,1,0,0,0,0.975500802,1.022756585,0,0.714285714,0,0,0,0,0,0,0,0,0,0,0,0,0,0,0,0,0,0,0,0,0,0,0,0.003367876,0,0,0,0,0,0,0,0,0,0,0,0,0,0,0,0,0,0,0,0,0,0,0,0,0,0,0,0,0,0,0,2.325929176,0.181029333,30.06688972,32.57384822,2.48E-04,3.43E-07,0,0,0,1,1,0,0,1,1,0,0,1,0,1,0,0,0,0,0,0,0,0,0,0,0,0,0,0,0,0,0,1,1,0,0,0,1,1,0,1,1,1,1,1,0,1,1,0,0,0,0,0,0,0,0,0,0,0,0,0,0,0,0,0,0,0,0,0,0,0,0,0,0,0,0,0,0,0,0,0,1,0,0,0,0,0,0,0,1,0,0,1,0,0,1,1,1,1,1,1,1,1,1,1,1,1,0,0,0,0,1,1,0,1,1,0,0,1,0,1,0,0,1,0,0,0,0,0,0,0,0,1,0,1,0,0,0,0,0,0,0,1,0,0,0,0,0,1,1,1,1,1,FALSE
21,849971,0,0,0,0,0,0,0,1,0,0,0,0,0,0,0,0,0,0,10.24836788,0.160435602,0,0.165194288,1,0,0,0,0,0,0,0,0,0,0,0,0,0,0,0,0,0,0,0,0,3.17560029,1,1,1,0,0,0,0,0,0,0,0,0,0,0,0,0,0,0,0,0,0,0,0,0,0,2,-9.302513437,0,0,0,0,2,0,0,0,0,1,0,0,1,0,0,0,1.082667664,1.128704855,1.171380726,0.428571429,0,0,0,0,0,0,0,0,0,0,0,0,0,0,0,0,0,0,0,0,0,0,0,0,0,0,0,0,0,0,0,0,0,0,0,0,0,0,0,0,0,0,0,0,0,0,0,0,0,0,0,0,0,0,0,6.977787529,0.724117332,33.40765524,41.1095601,2.48E-04,6.85E-07,0,0,0,1,1,0,0,1,1,0,0,1,0,1,0,0,0,0,0,0,0,0,0,0,0,0,0,0,0,0,0,1,1,0,0,0,1,1,0,1,1,1,1,1,0,1,1,0,0,0,0,0,0,0,0,0,0,0,0,0,0,0,0,0,0,0,0,0,0,0,0,0,0,0,0,0,0,0,0,0,0,0,0,0,0,0,0,0,1,0,0,1,0,0,1,1,1,1,1,1,1,1,1,1,1,1,0,0,0,0,1,1,0,1,1,0,0,1,0,1,0,0,1,0,0,0,0,0,0,0,0,1,0,1,0,0,0,0,0,0,0,1,0,0,0,0,0,1,1,1,1,1,FALSE
22,849971,0,0,0,0,0,0.965062737,0,1,0,0,0,0,0,0.579037642,0,0,0,0,3.733950306,0.152908746,0,0.157444178,1,0,0,0,0,0,0,0,0,0,0,0,0,0,0,0,0,0,0,0,0,15.28131104,1,1,1,1,1,1,1,1,1,1,1,1,1,1,0,0,0,0,0,0,0,2,-9.566349707,0,0,0,0,0,0,0,0,0,0,0,0,0,1,0,0,1,0,0,0,0.921435274,1.068704005,1.136723182,0.285714286,0,0,0,0,1.659581079,0,0,0,0,0,0,0,0,0,0,0,0,0,0,0,0,0,0,0,0,0,0,0,0,0,0,0,0,0,0,0.579037642,0.965062737,0,0,0,0,0,0,0,0,0,0,0,0,0,0,15,0,0,0,6.80654492,0,23.75954817,30.56609309,1.17E-04,1.46E-06,0,0,0,1,1,0,0,1,1,0,0,1,0,1,0,0,0,0,0,0,0,0,0,0,0,0,0,0,0,0,0,1,1,0,0,0,1,1,0,1,1,1,1,1,0,1,1,0,0,0,0,0,0,0,0,0,0,0,0,0,0,0,0,0,0,0,0,0,0,0,0,0,0,0,0,0,0,0,0,0,0,0,0,0,0,0,0,0,1,0,0,1,1,1,1,1,0,0,1,1,1,1,1,1,1,1,0,0,0,0,1,1,0,1,1,1,0,1,0,1,0,0,1,0,0,0,0,0,0,0,0,1,0,1,0,0,0,0,0,0,0,1,0,0,0,0,0,1,1,1,1,1,FALSE
23,849971,0,0,0,0,0,0,0,1,0,0,0,0,0,0,0,0,0,0,6.534413035,0,0,0,1,0,0,0,0,0,0,0,0,0,0,0,0,0,0,0,0,0,0,0,0,0,0,0,0,0,0,0,0,0,0,0,0,0,0,0,0,2,20.50300407,0,0,0,0,0,0,0,0,0,0,0,0,0,0,3,0,0,0,0,1,0,0,1,0,0,0,0,0,0,0.857142857,0,0,0,0,0,0,0,0,0.5,0,0,0,0,0,0,0,0,0,0,0,0,0,0,0,0,0,0,0,0,0,0,0,0,0,0,0,0,0,0,0,0,0,0,0,0,0,0,0,0,0,0,0,0,0,0,8.305984569,2.188979832,28.49014411,36.41069456,2.04E-04,0,1,0,0,1,1,0,0,1,1,0,0,1,0,1,0,0,1,1,1,1,1,1,1,1,1,1,1,1,1,1,1,1,1,0,0,0,1,1,0,1,1,1,1,1,0,1,1,0,0,0,0,0,0,0,0,0,0,0,0,0,0,0,0,0,0,0,0,0,0,0,0,0,0,0,0,0,0,0,1,1,1,0,0,0,0,0,0,0,1,0,0,1,1,1,1,1,1,1,1,1,0,0,1,1,1,1,0,0,0,1,1,1,0,1,1,0,0,1,0,1,0,0,1,0,0,0,0,0,0,0,0,1,0,1,0,0,0,0,0,0,0,1,0,0,0,0,0,1,1,1,1,1,FALSE
24,849971,0,0,0,0,0,0.965062737,0,1,1,1,0,0,0,0,0,0,0,0,3.733950306,0,0,0,1,0,0,0,0,0,0,0,0,0,0,0,0,0,0,0,0,0,0,0,0,10.70660019,1,1,1,1,1,1,1,1,1,1,0,0,0,0,0,0,21.16933441,0,0,0,0,0,0,0,0,0,0,0,0,0,0,1,0,0,0,0,1,0,0,1,0,0,0,0,0,0,0.857142857,0,0,0,0,0,0,0,0,0,0,0,0,0,0,0,97,2,4952,6,0,0,0,0,0,0,0,0,0,0,0,0,0,0,0,0,0,0.965062737,0,0,0,0,0,0,0,0,0,0,0,0,0,0,0,0,0,0,15.44778427,8.753380458,23.90457219,48.10573692,0.006635086,0,0,0,0,1,1,0,0,1,1,0,0,1,0,1,0,0,0,0,0,0,0,0,0,0,0,0,0,0,0,0,0,1,1,0,0,0,1,1,0,1,1,1,1,1,0,1,1,0,0,0,0,0,0,0,0,0,0,0,0,0,0,0,0,0,0,0,0,0,0,0,0,0,0,0,0,0,0,0,1,1,1,0,0,0,0,0,0,0,1,0,0,1,1,1,1,1,1,1,1,1,0,0,1,1,1,1,0,0,0,0,1,1,0,1,1,0,0,1,0,1,0,0,1,0,0,0,0,0,0,0,0,1,0,1,0,0,0,0,0,0,0,1,0,0,0,0,0,1,0,0,0,0,FALSE
25,849971,0,0,0,0,0,0,0,1,0,0,0,0,0,0,0,0,0,0,10.24836788,0.160435602,0,0.165194288,1,0,0,0,0,0,0,0,0,0,0,0,0,0,0,0,0,0,0,0,0,3.38625741,1,1,1,0,0,0,0,0,0,0,0,0,0,0,0,0,0,0,0,0,0,0,0,0,0,3,-9.460721226,0,0,0,0,2,0,0,0,0,1,0,0,1,0,0,0,1.18157193,1.206206618,1.226082788,0.428571429,0,0,0,0,0,0,0,0,0,0,0,0,0,0,0,0,0,0,0,0,0,0,0,0,0,0,0,0,0,0,0,0,0,0,0,0,0,0,0,0,0,0,0,0,0,0,0,0,0,0,0,0,0,0,0,13.59832258,2.919527924,30.65696697,47.17481748,2.73E-04,1.60E-06,0,0,0,1,1,0,0,1,1,0,0,1,0,1,0,0,0,0,0,0,0,0,0,0,0,0,0,0,0,0,0,1,1,0,0,0,1,1,0,1,1,1,1,1,0,1,1,0,0,0,0,0,0,0,0,0,0,0,0,0,0,0,0,0,0,0,0,0,0,0,0,0,0,0,0,0,0,0,0,0,0,0,0,0,0,0,0,0,1,0,0,1,0,0,1,1,1,1,1,1,1,1,1,1,1,1,0,0,0,0,1,1,0,1,1,0,0,1,0,1,0,0,1,0,0,0,0,0,0,0,0,1,0,1,0,0,0,0,0,0,0,1,0,0,0,0,0,1,1,1,1,1,FALSE
26,849971,0,0,0,0,0,0,0,1,0,0,0,0,0,0,0,0,0,0,0.462763559,0.223867852,0,0.230508004,1,0,0,0,0,0,0,0,0,0,0,0,0,0,0,0,0,0,0,0,0,0,0,0,0,0,0,0,0,0,0,0,0,0,0,0,0,0,0,0,0,0,0,3,-9.782935609,0,0,0,0,0,0,0,0,0,0,0,0,0,1,0,0,1,0,0,0,0,0,0,0.857142857,0,0,0,0,0,0,0,0,0,0,0,0,0,0,0,0,0,0,0,0,0,0,0,0.02826087,0,0,0,0,0,0,0,0,0,0,0,0,0,0,0,0,0,0,0,0,0,0,0,0,0,0,0,0,0,0,0,0.699363692,0,24.39750182,25.09686552,1.86E-04,4.15E-06,1,0,0,1,1,0,0,1,1,0,0,1,0,1,0,0,1,1,1,1,1,1,1,1,1,1,1,1,1,1,1,1,1,0,0,0,1,1,0,1,1,1,1,1,0,1,1,0,0,0,0,0,0,0,0,0,0,0,0,0,0,0,0,0,0,0,0,0,0,0,0,0,0,0,0,0,0,0,1,1,1,0,0,0,0,0,0,0,1,0,0,1,1,1,1,1,0,0,1,1,1,1,1,1,1,1,0,0,0,1,1,1,0,1,1,1,0,1,0,1,0,0,1,0,0,0,0,0,0,0,0,1,0,1,0,0,0,0,0,0,0,1,0,0,0,0,0,1,1,1,1,1,FALSE
27,849971,0,0,0,0,0,0,0,1,0,0,0,0,0,0,0,0,0,0,5.600925459,0,0,0,1,0,0,0,0,0,0,0,0,0,0,0,0,0,0,0,0,0,0,0,0,3.220692158,1,1,1,0,0,0,0,0,0,0,0,0,0,0,0,3,20.43828392,0,0,0,0,0,0,0,0,0,0,0,0,0,0,2,0,0,0,0,1,0,0,1,0,0,0,0.901445634,1.002300803,1.039495694,0.285714286,0,0,0,0,0,0,0,0,0,0,0,0,0,0,0,0,0,0,0,0,0,0,0,0,0,0,0,0,0,0,0,0,0,0,0,0,0,0,0,0,0,0,0,0,0,0,0,0,0,0,0,0,0,0,0,5.064183844,0,22.79211529,26.56992401,2.04E-04,0,0,0,0,1,1,0,0,1,1,0,0,1,0,1,0,0,0,0,0,0,0,0,0,0,0,0,0,0,0,0,0,1,1,0,0,0,1,1,0,1,1,1,1,1,0,1,1,0,0,0,0,0,0,0,0,0,0,0,0,0,0,0,0,0,0,0,0,0,0,0,0,0,0,0,0,0,0,0,0,0,0,0,0,0,0,0,0,0,1,0,0,1,1,1,1,1,1,1,1,1,0,0,1,1,1,1,0,0,0,0,1,1,0,1,1,0,0,1,0,1,0,0,1,0,0,0,0,0,0,0,0,1,0,1,0,0,0,0,0,0,0,1,0,0,0,0,0,1,1,1,1,1,FALSE
28,849971,0,0,0,0,0,0,0,1,1,1,0,0,0,0,0,0.965062737,0,0,0,0,0,0,1,0,0,0,0,0,0,0,0,0,0,0,0,0,0,0,0,0,0,0,0,10.54511261,1,1,1,1,1,1,1,1,1,1,0,0,0,0,0,0,21.16933441,0,0,0,0,0,-8.502865578,0,0,0,-9.182221929,0,0,0,0,5,0,0,0,0,0,0,0,1,0,0,0,0,0,0,1,0,0,0,0,0,0,0,0,0,0,0,0,0,0,0,30,1,3374,5,0,0,0,0,0,0,0,0,0,0,0,0,0,0,0,0,0.965062737,0.965062737,0,0,0,0,0,0,0,0,0,0,0,0,0,0,0,0,0,0,7.803294589,0,32.60556584,19.96916716,0.006635086,0,0,0,0,1,1,0,0,1,1,0,0,1,0,1,0,0,0,0,0,0,0,0,0,0,0,0,0,0,0,0,0,1,1,0,0,0,1,1,0,1,1,1,1,1,0,1,1,0,0,0,0,0,0,0,0,0,0,0,0,0,0,0,0,0,0,0,0,0,0,0,0,0,0,0,0,0,0,0,1,1,1,0,0,0,0,0,0,0,1,0,0,1,0,0,1,1,0,0,1,1,0,0,1,1,1,1,0,0,0,0,1,1,0,1,1,0,0,1,0,1,0,0,1,0,0,0,0,0,0,0,0,1,0,1,0,0,0,0,0,0,0,1,0,0,0,0,0,1,0,0,0,0,FALSE
29,849971,0,0,0,0,0,0,0,1,0,0,0,0,0,0,0,0,0,0,6.52778937,0.106957068,0,0.110129526,1,0,0,0,0,0,0,0,0,0,0,0,0,0,0,0,0,0,0,0,0,0,0,0,0,0,0,0,0,0,0,0,0,0,0,0,0,0,0,0,0,0,0,0,0,0,0,1,-9.183015895,0,0,0,0,1,0,0,0,0,1,0,0,1,0,0,0,0,0,0,0.857142857,0,0,0,0,0,0,0,0,0,0,0,0,0,0,0,0,0,0,0,0,0,0,0,0,0,0,0,0,0,0,0,0,0,0,0,0,0,0,0,0,0,0,0,0,0,0,0,0,0,0,0,0,0,0,0,4.100815883,0,30.86066999,34.96148588,1.95E-04,8.04E-07,1,0,0,1,1,0,0,1,1,0,0,1,0,1,0,0,1,1,1,1,1,1,1,1,1,1,1,1,1,1,1,1,1,0,0,0,1,1,0,1,1,1,1,1,0,1,1,0,0,0,0,0,0,0,0,0,0,0,0,0,0,0,0,0,0,0,0,0,0,0,0,0,0,0,0,0,0,0,1,1,1,0,0,0,0,0,0,0,1,0,0,1,0,0,1,1,1,1,1,1,1,1,1,1,1,1,0,0,0,1,1,1,0,1,1,0,0,1,0,1,0,0,1,0,0,0,0,0,0,0,0,1,0,1,0,0,0,0,0,0,0,1,0,0,0,0,0,1,1,1,1,1,FALSE
30,849971,0,0,0,0,0,0,0,1,1,1,0,0,0,0.965062737,0,0.965062737,0,0,0.793364647,0.152908746,0,0.157444178,1,0,0,0,0,0,0,0,0,0,0,0,0,0,0,0,0,0,0,0,0,4.299856186,1,1,1,1,0,0,0,0,0,0,0,0,0,0,0,0,0,0,0,0,0,2,-9.566349707,0,0,0,0,0,0,0,0,0,0,0,0,0,1,0,0,1,0,0,0,1.122456352,1.291022472,1.508906272,0.571428571,0,0,0,0,1.659581079,0,0,0,0,0,0,0,0,0,0,0,0,0,0,0,0,0,0,0.023111111,0,0,0,0,0,0,0,0,0.022075055,2,0,1.930125475,0.965062737,0,0,0,0,0,0,0,0,0,0,0,0,0,0,45.10064376,0,0,0,6.80654492,0,20.365327,27.17187192,1.17E-04,1.46E-06,0,0,0,1,1,0,0,1,1,0,0,1,0,1,0,0,0,0,0,0,0,0,0,0,0,0,0,0,0,0,0,1,1,0,0,0,1,1,0,1,1,1,1,1,0,1,1,0,0,0,0,0,0,0,0,0,0,0,0,0,0,0,0,0,0,0,0,0,0,0,0,0,0,0,0,0,0,0,0,0,0,0,0,0,0,0,0,0,1,0,0,1,1,1,1,1,0,0,1,1,1,1,1,1,1,1,0,0,0,0,1,1,0,1,1,1,0,1,0,1,0,0,1,0,0,0,0,0,0,0,0,1,0,1,0,0,0,0,0,0,0,1,0,0,0,0,0,1,1,1,1,1,FALSE
31,849971,0,0,0,0,0,0,0,1,1,1,0,0,0,0,0,0.965062737,0,0,3.733950306,0,0,0,1,0,0,0,0,0,0,0,0,0,0,0,0,0,0,0,0,0,0,0,0,11.78480339,1,1,1,1,1,1,1,1,1,1,1,0,0,0,0,0,0,0,0,0,0,0,0,0,0,0,-9.182221929,0,0,0,0,1,0,0,0,0,1,0,0,1,0,0,0,0,0,0,0.857142857,0,0,0,0,0,0,0,0,0.5,2,2,0,0,0,0,30,1,3374,5,0,0,0,0,0.005555556,0,0,0,0,0,0,0,0,0,0,0,0.965062737,0.965062737,0,0,0,0,0,0,0,0,0,0,0,0,0,0,0,0,0,0,4.444077875,0.429323458,27.60262237,32.47602371,2.99E-04,0,0,0,0,1,1,0,0,1,1,0,0,1,0,1,0,0,0,0,0,0,0,0,0,0,0,0,0,0,0,0,0,1,1,0,0,0,1,1,0,1,1,1,1,1,0,1,1,0,0,0,0,0,0,0,0,0,0,0,0,0,0,0,0,0,0,0,0,0,0,0,0,0,0,0,0,0,0,0,1,1,1,0,0,0,0,0,0,0,1,0,0,1,0,0,1,1,1,1,1,1,1,1,1,1,1,1,0,0,0,0,1,1,0,1,1,0,0,1,0,1,0,0,1,0,0,0,0,0,0,0,0,1,0,1,0,0,0,0,0,0,0,1,0,0,0,0,0,1,0,0,0,0,FALSE
32,849971,0,0,0,0,0,0.965062737,0,1,0,0,0,0,0,0,0,0,0,0,7.001156824,0,0,0,1,0,0,0,0,0,0,0,0,0,0,0,0,0,0,0,0,0,0,0,0,1.196744084,1,0,0,0,0,0,0,0,0,0,0,0,0,0,0,0,21.16933441,0,0,0,0,0,-8.502865578,0,0,0,0,0,0,0,0,4,0,0,0,0,1,0,0,1,0,0,0,0.934996699,0.976280866,0.979853274,0.142857143,0,0,0,0,0,0,0,0,0,0,0,0,0,0,0,0,0,0,0,0,0,0,0,0,0,0,0,0,0,0,0,0,0,0,0,0,0.965062737,0,0,0,0,0,0,2,7,0,0,0,0,0,0,95.07142857,0,0,0,18.11041289,9.69124265,31.16259848,54.68774963,0.006635086,0,0,0,0,1,1,0,0,1,1,0,0,1,0,1,0,0,0,0,0,0,0,0,0,0,0,0,0,0,0,0,0,1,1,0,0,0,1,1,0,1,0,1,0,1,0,1,1,0,0,0,0,0,0,0,0,0,0,0,0,0,0,0,0,0,0,0,0,0,0,0,0,0,0,0,0,0,0,0,0,0,0,0,0,0,0,0,0,0,1,0,0,1,1,1,1,1,0,0,1,1,0,0,1,1,1,1,0,0,0,0,1,1,0,1,1,0,0,1,0,1,0,0,1,0,0,0,0,0,0,0,0,1,0,1,0,0,0,0,0,0,0,1,0,0,0,0,0,1,1,1,1,1,FALSE
33,849971,0,0,0,0,0,0.965062737,0,1,0,0,0,0,0,0,0,0,0,0,10.24836788,0.229363119,0,0.236166267,1,0,0,0,0,0,0,0,0,0,0,0,0,0,0,0,0,0,0,0,0,1.912963033,1,0,0,0,0,0,0,0,0,0,0,0,0,0,0,0,0,0,0,0,0,2,-9.566349707,0,0,0,0,0,0,0,0,0,0,0,0,0,1,0,0,1,0,0,0,0.711937997,1.124654501,1.139734734,0.285714286,0,0,0,0,1.659581079,0,0,0,0,0,0,0,0,0,0,0,0,2332,0,0,0,0,0,0,0,0,0,0,0,0,0,0,0,0,0,0,0.965062737,0,0,0,0,0,0,0,0,0,0,0,0,0,0,11.25,0,0,0,8.456616416,0,23.75954817,32.21616458,1.17E-04,4.37E-06,0,0,0,1,1,0,0,1,1,0,0,1,0,1,0,0,0,0,0,0,0,0,0,0,0,0,0,0,0,0,0,1,1,0,0,0,1,1,0,1,1,1,1,1,0,1,1,0,0,0,0,0,0,0,0,0,0,0,0,0,0,0,0,0,0,0,0,0,0,0,0,0,0,0,0,0,0,0,0,0,0,0,0,0,0,0,0,0,1,0,0,1,1,1,1,1,0,0,1,1,1,1,1,1,1,1,0,0,0,0,1,1,0,1,1,1,0,1,0,1,0,0,1,0,0,0,0,0,0,0,0,1,0,1,0,0,0,0,0,0,0,1,0,0,0,0,0,1,1,0,1,1,FALSE
34,849971,0,0,0,0,0,0,0,1,1,1,0,0,0,0,0,0.965062737,0,0,3.733950306,0,0,0,1,0,0,0,0,0,0,0,0,0,0,0,0,0,0,0,0,0,0,0,0,10.83866024,1,1,1,1,1,1,1,1,1,1,0,0,0,0,0,0,0,0,0,0,0,0,0,0,0,0,-9.182221929,0,0,0,0,1,0,0,0,0,1,0,0,1,0,0,0,0,0,0,0.857142857,0,0,0,0,0,0,0,0,0.333333343,1,1,0,0,0,0,30,1,3374,5,0,0,0,0,0,0,0,0,0,0,0,0,0,0,0,0,0.965062737,0.965062737,0,0,0,0,0,0,0,0,0,0,0,0,0,0,0,0,0,0,4.631398756,0.429622742,34.50327797,39.56429947,2.99E-04,0,0,0,0,1,1,0,0,1,1,0,0,1,0,1,0,0,0,0,0,0,0,0,0,0,0,0,0,0,0,0,0,1,1,0,0,0,1,1,0,1,1,1,1,1,0,1,1,0,0,0,0,0,0,0,0,0,0,0,0,0,0,0,0,0,0,0,0,0,0,0,0,0,0,0,0,0,0,0,1,1,1,0,0,0,0,0,0,0,1,0,0,1,0,0,1,1,1,1,1,1,1,1,1,1,1,1,0,0,0,0,1,1,0,1,1,0,0,1,0,1,0,0,1,0,0,0,0,0,0,0,0,1,0,1,0,0,0,0,0,0,0,1,0,0,0,0,0,1,0,0,0,0,FALSE
35,849971,0,0,0,0,0,0.908294341,0,1,0,0,0,0,0,0,0,0,0,0,3.733950306,0.152908746,0,0.157444178,1,0,0,0,0,0,0,0,0,0,0,0,0,0,0,0,0,0,0,0,0,2.506495953,1,1,0,0,0,0,0,0,0,0,0,0,0,0,0,0,0,0,0,0,0,2,-9.566349707,0,0,0,0,0,0,0,0,0,0,0,0,0,1,0,0,1,0,0,0,0.97660964,1.019026069,1.12961275,0.142857143,0,0,0,0,1.659581079,0,0,0,0,0,0,0,0,0,0,0,0,0,0,0,0,0,0,0.011555556,0,0,0,0,0,0,0,0,0,0,0,0,0.908294341,0,0,0,0,0,0,0,0,0,0,0,0,0,0,0,0,0,0,6.80654492,0,20.365327,27.17187192,1.17E-04,2.91E-06,0,0,0,1,1,0,0,1,1,0,0,1,0,1,0,0,0,0,0,0,0,0,0,0,0,0,0,0,0,0,0,1,1,0,0,0,1,1,0,1,1,1,1,1,0,1,1,0,0,0,0,0,0,0,0,0,0,0,0,0,0,0,0,0,0,0,0,0,0,0,0,0,0,0,0,0,0,0,0,0,0,0,0,0,0,0,0,0,1,0,0,1,1,1,1,1,0,0,1,1,1,1,1,1,1,1,0,0,0,0,1,1,0,1,1,1,0,1,0,1,0,0,1,0,0,0,0,0,0,0,0,1,0,1,0,0,0,0,0,0,0,1,0,0,0,0,0,1,1,1,1,1,FALSE
36,849971,0,0,0,0,0,0,0,1,0,0,0,0,0,0,0,0,0,0,16.17640923,0.223867852,0,0.230508004,1,0,0,0,0,0,0,0,0,0,0,0,0,0,0,0,0,0,0,0,0,3.421249151,1,1,1,0,0,0,0,0,0,0,0,0,0,0,0,0,0,0,0,0,0,3,-9.782935609,0,0,0,0,0,0,0,0,0,0,0,0,0,1,0,0,1,0,0,0,0.769366203,1.040601107,1.11371373,0.571428571,0,0,0,0,0,0,0,0,0,0,0,0,0,0,0,0,0,0,0,0,0,0,0,0.025742574,0,0,0,0,0,0,0,0,0,0,0,0,0,0,0,0,0,0,0,0,9,0,0,0,0,0,0,37.93017877,0,0,0,0.131245196,0,23.26210526,23.39335046,1.86E-04,4.15E-06,0,0,0,1,1,0,0,1,1,0,0,1,0,1,0,0,0,0,0,0,0,0,0,0,0,0,0,0,0,0,0,1,1,0,0,0,1,1,0,1,0,1,0,1,0,1,1,0,0,0,0,0,0,0,0,0,0,0,0,0,0,0,0,0,0,0,0,0,0,0,0,0,0,0,0,0,0,0,0,0,0,0,0,0,0,0,0,0,1,0,0,1,1,1,1,1,0,0,1,1,1,1,1,1,1,1,0,0,0,0,1,1,0,1,1,1,0,1,0,1,0,0,1,0,0,0,0,0,0,0,0,1,0,1,0,0,0,0,0,0,0,1,0,0,0,0,0,1,1,1,1,1,FALSE
37,849971,0,0,0,0,0,0,0,1,1,1,0,0,0.965062737,0.965062737,0,0.965062737,0.965062737,0.965062737,5.600925459,0,0,0,1,0,0,0,0,0,0,0,0,0,0,0,0,0,0,0,0,0,0,0,0,6.75120163,1,1,1,1,1,1,0,0,0,0,0,0,0,0,0,3,20.43828392,0,0,0,0,0,0,0,0,0,0,0,0,0,0,2,0,0,0,0,0,0,0,1,0,0,0,0.862330716,0.91844005,0.964553807,0.571428571,0,0,0,0,0,0,0,0,0,0,0,0,0,0,0,0,0,0,0,0,0,0,0,0,0,0,0,0,0,0,0,0,0,0,0,5.825313687,0.965062737,0,0,0,0,0,0,0,0,0,0,0,0,1,0,0,0,0,0,5.064183844,0,22.79211529,26.56992401,2.04E-04,0,0,0,0,1,1,0,0,1,1,0,0,1,0,1,0,0,0,0,0,0,0,0,0,0,0,0,0,0,0,0,0,1,1,0,0,0,1,1,0,1,1,1,1,1,0,1,1,0,0,0,0,0,0,0,0,0,0,0,0,0,0,0,0,0,0,0,0,0,0,0,0,0,0,0,0,0,0,0,0,0,0,0,0,0,0,0,0,0,1,0,0,1,1,1,1,1,1,1,1,1,0,0,1,1,1,1,0,0,0,0,1,1,0,1,1,0,0,1,0,1,0,0,1,0,0,0,0,0,0,0,0,1,0,1,0,0,0,0,0,0,0,1,0,0,0,0,0,1,1,1,1,1,FALSE
38,849971,0,0,0,0,0,0,0,1,0,0,0,0,0,0,0,0,0,0,3.733950306,0,0,0,1,0,0,0,0,0,0,0,0,0,0,0,0,0,0,0,0,0,0,0,0,4.621537209,1,1,1,1,0,0,0,0,0,0,0,0,0,0,0,0,21.16933441,0,0,0,0,0,0,0,0,0,0,0,0,0,0,1,0,0,0,0,1,0,0,1,0,0,0,0.931215987,1.025736041,1.053642912,0.428571429,0,0,0,0,0,0,0,0,0,0,0,0,0,0,0,0,0,0,0,0,0,0,0,0,0,0,0,0,0,0,0,0,0,0,0,0,0,0,0,0,0,0,0,0,0,0,0,0,0,0,0,0,0,0,0,15.44778427,8.753380458,23.90457219,48.10573692,0.006635086,0,0,0,0,1,1,0,0,1,1,0,0,1,0,1,0,0,0,0,0,0,0,0,0,0,0,0,0,0,0,0,0,1,1,0,0,0,1,1,0,1,1,1,1,1,0,1,1,0,0,0,0,0,0,0,0,0,0,0,0,0,0,0,0,0,0,0,0,0,0,0,0,0,0,0,0,0,0,0,0,0,0,0,0,0,0,0,0,0,1,0,0,1,1,1,1,1,1,1,1,1,0,0,1,1,1,1,0,0,0,0,1,1,0,1,1,0,0,1,0,1,0,0,1,0,0,0,0,0,0,0,0,1,0,1,0,0,0,0,0,0,0,1,0,0,0,0,0,1,1,1,1,1,FALSE
39,849971,0,0,0,0,0,0,0,1,0,0,0,0,0,0,0,0,0,0,3.733950306,0.106957068,0,0.110129526,1,0,0,0,0,0,0,0,0,0,0,0,0,0,0,0,0,0,0,0,0,0,0,0,0,0,0,0,0,0,0,0,0,0,0,0,0,0,0,0,0,0,0,0,0,0,0,2,-9.302513437,0,0,0,0,1,0,0,0,0,1,0,0,1,0,0,0,0,0,0,1,0,0,0,0,0,0,0,0,0,0,0,0,0,0,0,0,0,0,0,0,0,0,0,0.003367876,0,0,0,0,0,0,0,0,0,0,0,0,0,0,0,0,0,0,0,0,0,0,0,0,0,0,0,0,0,0,0,1.865855273,0,26.72612419,28.59197946,2.48E-04,3.43E-07,1,0,0,1,1,0,0,1,1,0,0,1,0,1,0,0,1,1,1,1,1,1,1,1,1,1,1,1,1,1,1,1,1,0,0,0,1,1,0,1,1,1,1,1,0,1,1,0,0,0,0,0,0,0,0,0,0,0,0,0,0,0,0,0,0,0,0,0,0,0,0,0,0,0,0,0,0,0,1,1,1,0,0,0,0,0,0,0,1,0,0,1,0,0,1,1,1,1,1,1,1,1,1,1,1,1,0,0,0,1,1,1,0,1,1,0,0,1,0,1,0,0,1,0,0,0,0,0,0,0,0,1,0,1,0,0,0,0,0,0,0,1,0,0,0,0,0,1,1,1,1,1,FALSE
40,849971,0,0,0,0,0,0,0,1,0,0,0,0,0,0,0,0,0,0,16.01383836,0.223867852,0,0.230508004,1,0,0,0,0,0,0,0,0,0,0,0,0,0,0,0,0,0,0,0,0,1.698765874,1,0,0,0,0,0,0,0,0,0,0,0,0,0,0,0,0,0,0,0,0,3,-9.782935609,0,0,0,0,0,0,0,0,0,0,0,0,0,1,0,0,1,0,0,0,0.622167737,0.878029431,0.881894461,0.142857143,0,0,0,0,0,0,0,0,0,0,0,0,0,0,0,0,0,0,0,0,0,0,0,0.025742574,0,0,0,0,0,0,0,0,0,0,0,1,0,0,0,0,0,0,0,5,6,0,0,0,0,1,0,37.93017877,0,0,0,0.131245196,0,23.26210526,23.39335046,1.86E-04,4.15E-06,0,0,0,1,1,0,0,1,1,0,0,1,0,1,0,0,0,0,0,0,0,0,0,0,0,0,0,0,0,0,0,1,1,0,0,0,1,1,0,1,0,1,0,1,0,1,1,0,0,0,0,0,0,0,0,0,0,0,0,0,0,0,0,0,0,0,0,0,0,0,0,0,0,0,0,0,0,0,0,0,0,0,0,0,0,0,0,0,1,0,0,1,1,1,1,1,0,0,1,1,1,1,1,1,1,1,0,0,0,0,1,1,0,1,1,1,0,1,0,1,0,0,1,0,0,0,0,0,0,0,0,1,0,1,0,0,0,0,0,0,0,1,0,0,0,0,0,1,1,1,1,1,FALSE
41,849971,0,0,0,0,0,0.965062737,0,1,1,1,0,0,0,0,0,0,0,0,5.600925459,0,0,0,1,0,0,0,0,0,0,0,0,0,0,0,0,0,0,0,0,0,0,0,0,11.10692406,1,1,1,1,1,1,1,1,1,1,1,0,0,0,0,3,20.43828392,0,0,0,0,0,0,0,0,0,0,0,0,0,0,2,0,0,0,0,1,0,0,1,0,0,0,0,0,0,0.857142857,0,0,0,0,0,0,0,0,0.333333343,1,1,0,0,0,0,79,1,2793,5,0,0,0,0,0,0,0,0,0,0,0,0,0,0,0,0,0,0.965062737,0,0,0,0,0,0,0,0,0,0,0,0,0,0,0,0,0,0,5.364330556,0,25.19763153,28.91573328,2.04E-04,0,0,0,0,1,1,0,0,1,1,0,0,1,0,1,0,0,0,0,0,0,0,0,0,0,0,0,0,0,0,0,0,1,1,0,0,0,1,1,0,1,1,1,1,1,0,1,1,0,0,0,0,0,0,0,0,0,0,0,0,0,0,0,0,0,0,0,0,0,0,0,0,0,0,0,0,0,0,0,1,1,1,0,0,0,0,0,0,0,1,0,0,1,1,1,1,1,1,1,1,1,0,0,1,1,1,1,0,0,0,0,1,1,0,1,1,0,0,1,0,1,0,0,1,0,0,0,0,0,0,0,0,1,0,1,0,0,0,0,0,0,0,1,0,0,0,0,0,1,0,0,0,0,FALSE
42,849971,0,0,0,0,0,0,0,1,0,0,0,0,0,0,0,0,0,0,3.733950306,0.152908746,0,0.157444178,1,0,0,0,0,0,0,0,0,0,0,0,0,0,0,0,0,0,0,0,0,6.011664391,1,1,1,1,1,1,0,0,0,0,0,0,0,0,0,0,0,0,0,0,0,2,-9.566349707,0,0,0,0,0,0,0,0,0,0,0,0,0,1,0,0,1,0,0,0,1.185551162,1.287567224,0,0.714285714,0,0,0,0,1.659581079,0,0,0,0,0,0,0,0,0,0,0,0,0,0,0,0,0,0,0.011555556,0,0,0,0,0,0,0,0,0,0,0,0,0,0,0,0,0,0,0,2,7,0,0,0,0,0,0,12.85714286,0,0,0,6.80654492,0,23.75954817,30.56609309,1.17E-04,1.46E-06,0,0,0,1,1,0,0,1,1,0,0,1,0,1,0,0,0,0,0,0,0,0,0,0,0,0,0,0,0,0,0,1,1,0,0,0,1,1,0,1,0,1,0,1,0,1,1,0,0,0,0,0,0,0,0,0,0,0,0,0,0,0,0,0,0,0,0,0,0,0,0,0,0,0,0,0,0,0,0,0,1,0,0,0,0,0,0,0,1,0,0,1,1,1,1,1,0,0,1,1,1,1,1,1,1,1,0,0,0,0,1,1,0,1,1,1,0,1,0,1,0,0,1,0,0,0,0,0,0,0,0,1,0,1,0,0,0,0,0,0,0,1,0,0,0,0,0,1,1,1,1,1,FALSE
43,849971,0,0,0,0,0,0.965062737,0,1,0,0,0,0,0,0,0,0,0,0,3.733950306,0.152908746,0,0.157444178,1,0,0,0,0,0,0,0,0,0,0,0,0,0,0,0,0,0,0,0,0,5.307132244,1,1,1,1,1,0,0,0,0,0,0,0,0,0,0,0,0,0,0,0,0,2,-9.566349707,0,0,0,0,0,0,0,0,0,0,0,0,0,1,0,0,1,0,0,0,1.005786578,1.188517485,0,0.714285714,0,0,0,0,1.659581079,0,0,0,0,0,0,0,0,0,0,0,0,0,0,0,0,0,0,0,0,0,0,0,0,0,0,0,0,0,0,0,0.965062737,0,0,0,0,0,0,0,0,0,0,0,0,0,0,54.66744698,0,0,0,6.80654492,0,20.365327,27.17187192,1.17E-04,1.46E-06,0,0,0,1,1,0,0,1,1,0,0,1,0,1,0,0,0,0,0,0,0,0,0,0,0,0,0,0,0,0,0,1,1,0,0,0,1,1,0,1,1,1,1,1,0,1,1,0,0,0,0,0,0,0,0,0,0,0,0,0,0,0,0,0,0,0,0,0,0,0,0,0,0,0,0,0,0,0,0,0,1,0,0,0,0,0,0,0,1,0,0,1,1,1,1,1,0,0,1,1,1,1,1,1,1,1,0,0,0,0,1,1,0,1,1,1,0,1,0,1,0,0,1,0,0,0,0,0,0,0,0,1,0,1,0,0,0,0,0,0,0,1,0,0,0,0,0,1,1,1,1,1,FALSE
44,849971,0,0,0,0,0,0,0,1,0,0,0,0,0,0.965062737,0,0.965062737,0,0,3.733950306,0.152908746,0,0.157444178,1,0,0,0,0,0,0,0,0,0,0,0,0,0,0,0,0,0,0,0,0,15.28131104,1,1,1,1,1,1,1,1,1,1,1,1,1,1,0,0,0,0,0,0,0,2,-9.566349707,0,0,0,0,0,0,0,0,0,0,0,0,0,1,0,0,1,0,0,0,1.035237134,1.127397005,1.316521549,0.428571429,0,0,0,0,1.659581079,0,0,0,0,0,0,0,0,0,0,0,0,0,0,0,0,0,0,0,0,0,0,0,0,0,0,0,0,0,0,1.930125475,0.965062737,0,0,0,0,0,0,0,0,0,0,0,0,0,0,0,0,0,0,6.80654492,0,20.365327,27.17187192,1.17E-04,1.46E-06,0,0,0,1,1,0,0,1,1,0,0,1,0,1,0,0,0,0,0,0,0,0,0,0,0,0,0,0,0,0,0,1,1,0,0,0,1,1,0,1,1,1,1,1,0,1,1,0,0,0,0,0,0,0,0,0,0,0,0,0,0,0,0,0,0,0,0,0,0,0,0,0,0,0,0,0,0,0,0,0,0,0,0,0,0,0,0,0,1,0,0,1,1,1,1,1,0,0,1,1,1,1,1,1,1,1,0,0,0,0,1,1,0,1,1,1,0,1,0,1,0,0,1,0,0,0,0,0,0,0,0,1,0,1,0,0,0,0,0,0,0,1,0,0,0,0,0,1,1,1,1,1,FALSE
45,849971,0,0,0,0,0,0.737989152,0,1,0,0,0,0,0,0,0,0,0,0,7.001156824,0,0,0,1,0,0,0,0,0,0,0,0,0,0,0,0,0,0,0,0,0,0,0,0,2.043366194,1,1,0,0,0,0,0,0,0,0,0,0,0,0,0,0,21.16933441,0,0,0,0,0,-8.502865578,0,0,0,0,0,0,0,0,4,0,0,0,0,1,0,0,1,0,0,0,0.954728353,1.050066058,1.122173953,0.142857143,0,0,0,0,0,0,0,0,0,0,0,0,0,0,0,0,0,0,0,0,0,0,0,0.063866643,0,0,0,0,0,0,0,0,0,0,0,1,0.737989152,0,0,0,0,0,0,0,10,0,0,0,0,1,0,25.2,0,0,0,16.55375267,8.753380458,33.99556198,44.90418363,0.006635086,0,0,0,0,1,1,0,0,1,1,0,0,1,0,1,0,0,0,0,0,0,0,0,0,0,0,0,0,0,0,0,0,1,1,0,0,0,1,1,0,1,0,1,0,1,0,1,1,0,0,0,0,0,0,0,0,0,0,0,0,0,0,0,0,0,0,0,0,0,0,0,0,0,0,0,0,0,0,0,0,0,0,0,0,0,0,0,0,0,1,0,0,1,1,1,1,1,0,0,1,1,0,0,1,1,1,1,0,0,0,0,1,1,0,1,1,0,0,1,0,1,0,0,1,0,0,0,0,0,0,0,0,1,0,1,0,0,0,0,0,0,0,1,0,0,0,0,0,1,1,1,1,1,FALSE
46,849971,0,0,0,0,0,0,0,1,0,0,0,0,0,0,0,0,0,0,3.733950306,0.152908746,0,0.157444178,1,0,0,0,0,0,0,0,0,0,0,0,0,0,0,0,0,0,0,0,0,6.435389996,1,1,1,1,1,1,0,0,0,0,0,0,0,0,0,0,0,0,0,0,0,2,-9.566349707,0,0,0,0,0,0,0,0,0,0,0,0,0,1,0,0,1,0,0,0,1.065472984,0,0,0.857142857,0,0,0,0,1.659581079,0,0,0,0,0,0,0,0,0,0,0,0,0,0,0,0,0,0,0.023111111,0,0,0,0,0,0,0,0,0.5,1,0,0,0,0,0,0,0,0,0,0,6,0,0,0,0,0,0,15,0,0,0,6.806667191,0,24.15229458,30.95896177,1.17E-04,1.46E-06,0,0,0,1,1,0,0,1,1,0,0,1,0,1,0,0,0,0,0,0,0,0,0,0,0,0,0,0,0,0,0,1,1,0,0,0,1,1,0,1,0,1,0,1,0,1,1,0,0,0,0,0,0,0,0,0,0,0,0,0,0,0,0,0,0,0,0,0,0,0,0,0,0,0,0,0,0,0,0,1,1,0,0,0,0,0,0,0,1,0,0,1,1,1,1,1,0,0,1,1,1,1,1,1,1,1,0,0,0,0,1,1,0,1,1,1,0,1,0,1,0,0,1,0,0,0,0,0,0,0,0,1,0,1,0,0,0,0,0,0,0,1,0,0,0,0,0,1,1,1,1,1,FALSE
47,849971,0,0,0,0,0,0.579037642,0,1,1,1,0,0,0,0,0,0,0,0,3.733950306,0.106957068,0,0.110129526,1,0,0,0,0,0,0,0,0,0,0,0,0,0,0,0,0,0,0,0,0,11.38949108,1,1,1,1,1,1,1,1,1,1,1,0,0,0,0,0,0,0,0,0,0,0,0,0,0,3,-9.460721226,0,0,0,0,1,0,0,0,0,1,0,0,1,0,0,0,0,0,0,1,0,0,0,0,0,0,0,0,0,0,0,0,0,0,0,20,4,3265,5,0,0,0,0,0,0,0,0,0,0,0,0,0,0,0,0,0,0.579037642,0,0,0,0,0,0,0,0,0,0,0,0,0,0,0,0,0,0,7.338596935,0.153879153,32.41018618,39.90266227,2.73E-04,7.99E-07,0,0,0,1,1,0,0,1,1,0,0,1,0,1,0,0,0,0,0,0,0,0,0,0,0,0,0,0,0,0,0,1,1,0,0,0,1,1,0,1,1,1,1,1,0,1,1,0,0,0,0,0,0,0,0,0,0,0,0,0,0,0,0,0,0,0,0,0,0,0,0,0,0,0,0,0,0,0,1,1,1,0,0,0,0,0,0,0,1,0,0,1,0,0,1,1,1,1,1,1,1,1,1,1,1,1,0,0,0,0,1,1,0,1,1,0,0,1,0,1,0,0,1,0,0,0,0,0,0,0,0,1,0,1,0,0,0,0,0,0,0,1,0,0,0,0,0,1,0,0,0,0,FALSE
48,849971,0,0,0,0,0,0,0,1,0,0,0,0,0,0,0,0,0,0,6.534413035,0,0,0,1,0,0,0,0,0,0,0,0,0,0,0,0,0,0,0,0,0,0,0,0,5.261018753,1,1,1,1,1,0,0,0,0,0,0,0,0,0,0,1,21.11171722,0,0,0,0,0,-8.502865578,0,0,0,0,0,0,0,0,3,0,0,0,0,1,0,0,1,0,0,0,1.154514842,1.338170952,0,0.714285714,0,0,0,0,0,0,0,0,0,0,0,0,0,0,0,30,1,3374,5,0,0,0,0,0,0,0,0,0,0,0,0,0,0,0,0,0,0,0,0,0,0,0,0,1,10,0,0,0,0,0,0,0,0,0,0,16.55375267,7.924256345,28.32963498,48.55682856,0.006058624,0,0,0,0,1,1,0,0,1,1,0,0,1,0,1,0,0,0,0,0,0,0,0,0,0,0,0,0,0,0,0,0,1,1,0,0,0,1,1,0,1,0,1,0,1,0,1,1,0,0,0,0,0,0,0,0,0,0,0,0,0,0,0,0,0,0,0,0,0,0,0,0,0,0,0,0,0,0,0,0,0,1,0,0,0,0,0,0,0,1,0,0,1,1,1,1,1,0,0,1,1,0,0,1,1,1,1,0,0,0,0,1,1,0,1,1,0,0,1,0,1,0,0,1,0,0,0,0,0,0,0,0,1,0,1,0,0,0,0,0,0,0,1,0,0,0,0,0,1,0,0,0,0,FALSE
49,849971,0,0,0,0,0,0,0,1,0,0,0,0,0,0,0,0,0,0,16.07509469,0.152908746,0,0.157444178,1,0,0,0,0,0,0,0,0,0,0,0,0,0,0,0,0,0,0,0,0,8.268295288,1,1,1,1,1,1,1,1,0,0,0,0,0,0,0,0,0,0,0,0,0,2,-9.566349707,0,0,0,0,0,0,0,0,0,0,0,0,0,1,0,0,1,0,0,0,0,0,0,0.857142857,0,0,0,0,1.659581079,0,0,0,0,0,0,0,0,0,0,0,0,1637,0,0,0,0,0,0.002941176,0,0,0,0,0,0,0,0,0,0,0,0,0,0,0,0,0,0,0,1,6,0,0,0,0,0,0,0,0,0,0,6.80654492,0,20.365327,27.17187192,1.17E-04,1.46E-06,0,0,0,1,1,0,0,1,1,0,0,1,0,1,0,0,0,0,0,0,0,0,0,0,0,0,0,0,0,0,0,1,1,0,0,0,1,1,0,1,0,1,0,1,0,1,1,0,0,0,0,0,0,0,0,0,0,0,0,0,0,0,0,0,0,0,0,0,0,0,0,0,0,0,0,0,0,0,1,1,1,0,0,0,0,0,0,0,1,0,0,1,1,1,1,1,0,0,1,1,1,1,1,1,1,1,0,0,0,0,1,1,0,1,1,1,0,1,0,1,0,0,1,0,0,0,0,0,0,0,0,1,0,1,0,0,0,0,0,0,0,1,0,0,0,0,0,1,1,0,1,1,FALSE
50,849971,0,0,0,0,0,0,0,1,0,0,0,0,0.965062737,0,0,0,0,0.965062737,3.733950306,0.106957068,0,0.110129526,1,0,0,0,0,0,0,0,0,0,0,0,0,0,0,0,0,0,0,0,0,3.478496075,1,1,1,0,0,0,0,0,0,0,0,0,0,0,0,0,0,0,0,0,0,0,0,0,0,2,-9.302513437,0,0,0,0,1,0,0,0,0,1,0,0,1,0,0,0,1.149143704,1.193211464,0,0.714285714,0,0,0,0,0,0,0,0,0,0,0,0,0,0,0,30,1,3374,5,0,0,0,0,0,0,0,0,0,0,0,0,0,0,0,0,1.930125475,0,0,0,0,0,0,0,2,8,0,0,0,0,0,0,0,0,0,0,2.070332564,0,30.06688972,32.13722228,2.48E-04,3.43E-07,0,0,0,1,1,0,0,1,1,0,0,1,0,1,0,0,0,0,0,0,0,0,0,0,0,0,0,0,0,0,0,1,1,0,0,0,1,1,0,1,0,1,0,1,0,1,1,0,0,0,0,0,0,0,0,0,0,0,0,0,0,0,0,0,0,0,0,0,0,0,0,0,0,0,0,0,0,0,0,0,1,0,0,0,0,0,0,0,1,0,0,1,0,0,1,1,1,1,1,1,1,1,1,1,1,1,0,0,0,0,1,1,0,1,1,0,0,1,0,1,0,0,1,0,0,0,0,0,0,0,0,1,0,1,0,0,0,0,0,0,0,1,0,0,0,0,0,1,0,0,0,0,FALSE
51,849971,0,0,0,0,0,0.965062737,0,1,0,0,0,0,0,0,0,0,0,0,3.733950306,0.152908746,0,0.157444178,1,0,0,0,0,0,0,0,0,0,0,0,0,0,0,0,0,0,0,0,0,1.062739015,1,0,0,0,0,0,0,0,0,0,0,0,0,0,0,0,0,0,0,0,0,2,-9.566349707,0,0,0,0,0,0,0,0,0,0,0,0,0,1,0,0,1,0,0,0,1.021968046,0,0,0.857142857,0,0,0,0,1.659581079,0,0,0,1,0,0,0,0,0,0,0,0,2577,0,0,0,0,0,0,0,0,0,0,0,0,0,0,0,0,0,0,0.965062737,0,0,0,0,0,0,3,5,0,0,0,0,0,0,24,0,0,0,6.80654492,0,23.75954817,30.56609309,1.17E-04,2.91E-06,0,0,0,1,1,0,0,1,1,0,0,1,0,1,0,0,0,0,0,0,0,0,0,0,0,0,0,0,0,0,0,1,1,0,0,0,1,1,0,1,0,1,0,1,0,1,1,0,0,0,0,0,0,0,0,0,0,0,0,0,0,0,0,0,0,0,0,0,0,0,0,0,0,0,0,0,0,0,0,1,1,0,0,0,0,0,0,0,1,0,0,1,1,1,1,1,0,0,1,1,1,1,1,1,1,1,0,0,0,0,1,1,0,1,1,1,0,1,0,1,0,0,1,0,0,0,0,0,0,0,0,1,0,1,0,0,0,0,0,0,0,1,0,0,0,0,0,1,1,0,1,1,FALSE
52,849971,0,0,0,0,0,0,0,1,0,0,0,0,0,0,0,0,0,0,3.733950306,0.106957068,0,0.110129526,1,0,0,0,0,0,0,0,0,0,0,0,0,0,0,0,0,0,0,0,0,4.744877815,1,1,1,1,0,0,0,0,0,0,0,0,0,0,0,0,0,0,0,0,0,0,0,0,0,2,-9.302513437,0,0,0,0,1,0,0,0,0,1,0,0,1,0,0,0,0.899680949,0.910956712,0.988219884,0.285714286,0,0,0,0,0,0,0,0,0,0,0,0,0,0,0,0,0,0,0,0,0,0,0,0,0,0,0,0,0,0,0,0,0,0,0,0,0,0,0,0,0,0,0,0,0,0,0,0,0,0,0,0,0,0,0,1.891414935,0,30.06688972,31.95830465,2.48E-04,3.43E-07,0,0,0,1,1,0,0,1,1,0,0,1,0,1,0,0,0,0,0,0,0,0,0,0,0,0,0,0,0,0,0,1,1,0,0,0,1,1,0,1,1,1,1,1,0,1,1,0,0,0,0,0,0,0,0,0,0,0,0,0,0,0,0,0,0,0,0,0,0,0,0,0,0,0,0,0,0,0,0,0,0,0,0,0,0,0,0,0,1,0,0,1,0,0,1,1,1,1,1,1,1,1,1,1,1,1,0,0,0,0,1,1,0,1,1,0,0,1,0,1,0,0,1,0,0,0,0,0,0,0,0,1,0,1,0,0,0,0,0,0,0,1,0,0,0,0,0,1,1,1,1,1,FALSE
53,849971,0,0,0,0,0,0,0,1,0,0,0,0,0,0,0,0,0,0,3.733950306,0.152908746,0,0.157444178,1,0,0,0,0,0,0,0,0,0,0,0,0,0,0,0,0,0,0,0,0,5.7968297,1,1,1,1,1,0,0,0,0,0,0,0,0,0,0,0,0,0,0,0,0,2,-9.566349707,0,0,0,0,0,0,0,0,0,0,0,0,0,1,0,0,1,0,0,0,1.094463468,1.293226964,0,0.714285714,0,0,0,0,1.659581079,0,0,0,0,0,0,0,0,0,0,0,0,3456,0,0,0,0,0,0.011555556,0,0,0,0,0,0,0,0,0,0,0,0,0,0,0,0,0,0,0,0,4,0,0,0,0,0,0,13.75,0,0,0,6.909674388,0,23.75954817,30.66922255,1.17E-04,1.46E-06,0,0,0,1,1,0,0,1,1,0,0,1,0,1,0,0,0,0,0,0,0,0,0,0,0,0,0,0,0,0,0,1,1,0,0,0,1,1,0,1,0,1,0,1,0,1,1,0,0,0,0,0,0,0,0,0,0,0,0,0,0,0,0,0,0,0,0,0,0,0,0,0,0,0,0,0,0,0,0,0,1,0,0,0,0,0,0,0,1,0,0,1,1,1,1,1,0,0,1,1,1,1,1,1,1,1,0,0,0,0,1,1,0,1,1,1,0,1,0,1,0,0,1,0,0,0,0,0,0,0,0,1,0,1,0,0,0,0,0,0,0,1,0,0,0,0,0,1,1,0,1,1,FALSE
54,849971,0,0,0,0,0,0,0,1,0,0,0,0,0,0,0,0,0,0,3.733950306,0.106957068,0,0.110129526,1,0,0,0,0,0,0,0,0,0,0,0,0,0,0,0,0,0,0,0,0,0,0,0,0,0,0,0,0,0,0,0,0,0,0,0,0,0,0,0,0,0,0,0,0,0,0,2,-9.302513437,0,0,0,0,1,0,0,0,0,1,0,0,1,0,0,0,0,0,0,1,0,0,0,0,0,0,0,0,0,0,0,0,0,0,0,0,0,0,0,0,0,0,0,0,0,0,0,0,0,0,0,0,0,0,0,0,0,0,0,0,0,0,0,0,0,0,0,0,0,0,0,0,0,0,0,1.916974596,0,30.06688972,31.98386431,2.48E-04,3.43E-07,1,0,0,1,1,0,0,1,1,0,0,1,0,1,0,0,1,1,1,1,1,1,1,1,1,1,1,1,1,1,1,1,1,0,0,0,1,1,0,1,1,1,1,1,0,1,1,0,0,0,0,0,0,0,0,0,0,0,0,0,0,0,0,0,0,0,0,0,0,0,0,0,0,0,0,0,0,0,1,1,1,0,0,0,0,0,0,0,1,0,0,1,0,0,1,1,1,1,1,1,1,1,1,1,1,1,0,0,0,1,1,1,0,1,1,0,0,1,0,1,0,0,1,0,0,0,0,0,0,0,0,1,0,1,0,0,0,0,0,0,0,1,0,0,0,0,0,1,1,1,1,1,FALSE
55,849971,0,0,0,0,0,0.965062737,0,1,0,0,0,0,0,0,0,0,0,0,3.733950306,0.106957068,0,0.110129526,1,0,0,0,0,0,0,0,0,0,0,0,0,0,0,0,0,0,0,0,0,1.062739015,1,0,0,0,0,0,0,0,0,0,0,0,0,0,0,0,0,0,0,0,0,0,0,0,0,1,-9.183015895,0,0,0,0,1,0,0,0,0,1,0,0,1,0,0,0,0.941443247,1.140482815,1.168488278,0.142857143,0,0,0,0,0,0,0,0,0,0,0,0,0,0,0,0,0,0,0,0,0,0,0,0,0,0,0,0,0,0,0,0,0,0,0,0,0.965062737,0,0,0,0,0,0,1,6,0,0,0,0,0,0,0,0,0,0,3.716074358,0,30.54414193,34.26021629,1.95E-04,8.04E-07,0,0,0,1,1,0,0,1,1,0,0,1,0,1,0,0,0,0,0,0,0,0,0,0,0,0,0,0,0,0,0,1,1,0,0,0,1,1,0,1,0,1,0,1,0,1,1,0,0,0,0,0,0,0,0,0,0,0,0,0,0,0,0,0,0,0,0,0,0,0,0,0,0,0,0,0,0,0,0,0,0,0,0,0,0,0,0,0,1,0,0,1,0,0,1,1,1,1,1,1,1,1,1,1,1,1,0,0,0,0,1,1,0,1,1,0,0,1,0,1,0,0,1,0,0,0,0,0,0,0,0,1,0,1,0,0,0,0,0,0,0,1,0,0,0,0,0,1,1,1,1,1,FALSE
56,849971,0,0,0,0,0,0,0,1,0,0,0,0,0,0,0,0,0,0,3.733950306,0.152908746,0,0.157444178,1,0,0,0,0,0,0,0,0,0,0,0,0,0,0,0,0,0,0,0,0,8.574448586,1,1,1,1,1,1,1,1,0,0,0,0,0,0,0,0,0,0,0,0,0,2,-9.566349707,0,0,0,0,0,0,0,0,0,0,0,0,0,1,0,0,1,0,0,0,0,0,0,0.857142857,0,0,0,0,1.659581079,0,0,0,0,0,0,0,0,0,0,0,0,0,0,0,0,0,0,0.011764706,0,0,0,0,0,0,0,0,0,0,0,0,0,0,0,0,0,0,0,0,6,0,0,0,0,0,0,60.13419167,0,0,0,6.80654492,0,20.365327,27.17187192,1.17E-04,1.46E-06,0,0,0,1,1,0,0,1,1,0,0,1,0,1,0,0,0,0,0,0,0,0,0,0,0,0,0,0,0,0,0,1,1,0,0,0,1,1,0,1,0,1,0,1,0,1,1,0,0,0,0,0,0,0,0,0,0,0,0,0,0,0,0,0,0,0,0,0,0,0,0,0,0,0,0,0,0,0,1,1,1,0,0,0,0,0,0,0,1,0,0,1,1,1,1,1,0,0,1,1,1,1,1,1,1,1,0,0,0,0,1,1,0,1,1,1,0,1,0,1,0,0,1,0,0,0,0,0,0,0,0,1,0,1,0,0,0,0,0,0,0,1,0,0,0,0,0,1,1,1,1,1,FALSE
57,844274,0,0,0,0,0,0,0,1,0,0,0,0,0,0,0,0,0,0,30.93625534,0.62756051,0.568363958,0.656895881,1,0,0,0,0,0,0,0,0,0,0,0,0,0,0,0,0,0,0,0,0,0,0,0,0,0,0,0,0,0,0,0,0,0,0,0,0,4,30.2028389,0,0,0,0,0,0,0,0,0,0,0,0,0,0,1,0,0,0,0,1,0,0,1,0,0,0,0,0,0,0,0,0,0,0,26.92444379,0,0,0,0.75,2,2,0,0,0,0,301,419,0,4,0,0,0,0,0.077777778,0,0,0,0,0,0,0,0,0,0,1,0,0,0,2.840088844,0,0,0.946696281,0,0,0,0,0,0,0,0,0,0,0,0,0,18.47199113,3.96210778,44.61134374,67.04544265,5.53E-04,3.75E-05,0,0,0,1,1,0,0,1,1,0,0,1,0,1,0,0,1,1,1,1,1,1,1,1,1,1,1,1,1,1,1,1,1,0,0,0,1,1,0,1,1,1,1,1,0,1,1,0,0,0,0,0,0,0,0,0,0,0,0,0,0,0,0,0,0,0,0,0,0,0,0,0,0,0,0,0,0,0,1,1,1,0,0,0,0,0,0,0,1,0,0,0,1,1,1,1,1,1,1,1,0,0,1,1,1,1,0,0,0,0,1,1,0,1,1,0,0,1,0,1,0,0,1,0,0,0,0,0,0,0,0,1,0,1,0,0,0,0,0,0,0,1,0,0,0,0,0,1,0,1,0,0,FALSE
58,844274,0,0,0,0,0,0,0,1,0,0,0,0,0,0,0,0,0,0,0,0,0,0,1,0,0,0,0,0,0,0,0,0,0,0,0,0,0,0,0,0,0,0,0,2.673624039,1,1,0,0,0,0,0,0,0,0,0,0,0,0,0,0,0,0,0,0,0,0,0,0,0,0,0,0,0,0,0,0,0,0,0,0,1,0,0,1,0,0,0,0.91209711,0.962923401,1.024519128,0.142857143,0,0,0,0,0,0,0,0,0,0,0,0,0,0,0,0,0,0,0,0,0,0,0,0,0,0,0,0,0,0,0,0.083912433,0,0,1,0.083912433,0,0,2.840088844,0,0,0,0,0,0,0,0,6,1220,0,0,0,0,0,0,0,0,0,0,0,0,0,0,0,1,1,0,0,1,1,0,0,1,0,1,0,0,0,0,0,0,0,0,0,0,0,0,0,0,0,0,0,1,1,0,0,0,1,1,0,1,1,1,1,1,0,1,1,1,1,1,1,1,1,1,1,0,0,0,0,0,0,0,0,0,0,0,0,0,0,0,0,0,0,0,0,0,1,0,0,0,0,0,0,1,0,1,0,1,1,1,1,1,1,1,1,1,1,1,1,1,1,1,1,1,1,1,1,1,1,0,0,0,0,1,1,1,0,1,0,1,0,1,1,0,1,1,1,1,1,0,0,1,0,1,0,0,0,1,0,0,0,1,0,0,0,0,0,1,1,1,1,1,FALSE
59,844274,0,0,0,0,0.142004442,0,0,1,1,1,0,0,0,0,0,0,0,0,22.32380523,0.97604949,1.420438264,0.755828735,1,0,0,0,0,0,0,0,0,0,0,0,0,0,0,0,0,0,0,0,0,10.332551,1,1,1,1,1,1,1,1,1,1,0,0,0,0,0,1,32.14014053,0,0,0,0,0,0,0,0,0,0,0,-6.812207311,0,0,2,0,0,0,0,0,0,0,1,0,0,0,0,0,0,0.714285714,0,0,0,0,0,0,0,0,0,0,0,0,0,0,0,98,1,3666,3,0,0,0,0,0.091889074,0,0,0,0,0,0,0,0,0,0,1,0.142004442,0,0,2.840088844,0,0,0.946696281,0,0,0,0,0,0,0,0,0,0,0,0,0,8.813160514,2.950199153,29.26847035,26.35465709,6.52E-04,4.71E-04,0,0,0,1,1,0,0,1,1,0,0,1,0,1,0,0,0,0,0,0,0,0,0,0,0,0,0,0,0,0,0,1,1,0,0,0,1,1,0,1,1,1,1,1,0,1,1,0,0,1,1,1,1,1,1,0,0,0,0,0,0,0,0,0,0,0,0,0,0,0,0,0,0,0,0,0,0,0,1,1,1,0,0,0,0,0,0,0,1,0,0,0,1,1,0,0,1,1,1,1,0,0,1,1,1,1,0,0,0,0,1,1,0,1,1,0,0,1,0,1,0,0,1,0,0,0,0,0,0,0,0,1,0,1,0,0,0,0,0,0,0,1,0,0,0,0,0,1,0,0,0,0,FALSE
60,844274,0,0,0,0,0.142004442,0,0,1,1,1,0,0,0,0,0,0,0,0,25.34455407,1.331598699,1.729983469,1.244046384,1,0,0,0,0,0,0,0,0,0,0,0,0,0,0,0,0,0,0,0,0,10.9908514,1,1,1,1,1,1,1,1,1,1,0,0,0,0,0,1,32.14014053,0,0,0,0,0,0,0,0,0,0,0,-6.812207311,0,0,5,0,0,0,0,0,0,0,1,0,0,0,0,0,0,0,0,0,0,0,27.99275574,0,0,0,0,0,0,0,0,0,0,92,1,0,5,0,0,0,0,0.240023001,0,0,0,0,0,0,0,0.046180306,0,0,1,0.188184749,0,0,2.840088844,0,0,0.946696281,0,0,0,0,0,0,0,0,0,26.35966664,17.03737071,0,0,16.21179321,3.911827892,50.96471914,51.42140262,6.52E-04,8.01E-04,0,0,0,1,1,0,0,1,1,0,0,1,0,1,0,0,0,0,0,0,0,0,0,0,0,0,0,0,0,0,0,1,1,0,0,0,1,1,0,1,1,1,1,1,0,1,1,0,0,0,0,0,0,0,0,0,0,0,0,0,0,0,0,0,0,0,0,0,0,0,0,0,0,0,0,0,0,0,1,1,1,0,0,0,0,0,0,0,1,0,0,0,1,1,0,0,1,1,1,1,0,0,1,1,1,1,0,0,0,0,1,1,0,1,1,0,0,1,0,1,0,0,1,0,0,0,0,0,0,0,0,1,0,1,0,0,0,0,0,0,0,1,0,0,0,0,0,1,0,1,0,0,FALSE
61,844274,0,0,0,0,0,0,0,1,0,0,0,0,0,0,0,0,0,0,3.70875881,0.044184222,0.133344629,0,1,0,0,0,0,0,0,0,0,0,0,0,0,0,0,0,0,0,0,0,0,0,0,0,0,0,0,0,0,0,0,0,0,0,0,0,0,0,0,0,0,0,0,0,0,1,-6.811016126,0,0,0,0,0,0,1,0,0,0,0,1,0,0,1,0,0,0,0,0,0,0.857142857,0,0,0,0,0,0,0,0,0,0,0,0,0,0,0,0,0,0,0,0,0,0,0,0.04,0,0,0,0,0,0,0,0,0,0,1,0,0,0,2.840088844,0,0,0.946696281,0,0,0,0,0,0,0,0,0,17.03737071,17.03737071,0,0,0,0,5.025189076,5.025189076,9.56E-05,0,0,0,0,1,1,0,0,1,1,0,0,1,0,1,0,0,1,1,1,1,1,1,1,1,1,1,1,1,1,1,1,1,1,0,0,0,1,1,0,1,1,1,1,1,0,1,1,0,0,0,0,0,0,0,0,0,0,0,0,0,0,0,0,0,0,0,0,0,0,0,0,0,0,0,0,0,0,0,1,1,1,0,0,0,0,0,0,0,1,0,0,0,1,1,1,1,1,1,0,0,1,1,1,1,1,1,0,0,0,0,1,1,0,1,1,0,0,1,0,1,0,0,1,0,0,0,0,0,0,0,0,1,0,1,0,0,0,0,0,0,0,1,0,0,0,0,0,1,1,1,1,1,FALSE
62,844274,0,0,0,0,0.142004442,0,0,1,1,1,0,0,0,0,0,0,0,0,7.557471301,0.97604949,1.420438264,0.755828735,1,0,0,0,0,0,0,0,0,0,0,0,0,0,0,0,0,0,0,0,0,11.04720497,1,1,1,1,1,1,1,1,1,1,1,0,0,0,0,1,32.14014053,0,0,0,0,0,0,0,0,0,0,0,-6.812207311,0,0,2,0,0,0,0,0,0,0,1,0,0,0,0.804641205,0,0,0.714285714,0,0,0,0,0,0,0,0,0,0,0,0,0,0,0,92,1,0,5,0,0,0,0,0.069218667,0,0,0,0,0,0,0,0,0,0,1,0.142004442,0,0,2.840088844,0,0,0.946696281,0,0,0,0,0,0,0,0,0,0,0,0,0,8.813160514,2.950199153,29.26847035,28.30090445,6.52E-04,4.71E-04,0,0,0,1,1,0,0,1,1,0,0,1,0,1,0,0,0,0,0,0,0,0,0,0,0,0,0,0,0,0,0,1,1,0,0,0,1,1,0,1,1,1,1,1,0,1,1,0,0,1,1,1,1,1,1,0,0,0,0,0,0,0,0,0,0,0,0,0,0,0,0,0,0,0,0,0,0,0,0,1,1,0,0,0,0,0,0,0,1,0,0,0,1,1,0,0,1,1,1,1,0,0,1,1,1,1,0,0,0,0,1,1,0,1,1,0,0,1,0,1,0,0,1,0,0,0,0,0,0,0,0,1,0,1,0,0,0,0,0,0,0,1,0,0,0,0,0,1,0,1,0,0,TRUE
63,844274,0,0,0,0,0,0,0,1,0,0,0,0,0,0,0,0,0,0,5.563138215,0.752277356,1.204620243,0.52811487,1,0,0,0,0,0,0,0,0,0,0,0,0,0,0,0,0,0,0,0,0,2.808081865,1,1,0,0,0,0,0,0,0,0,0,0,0,0,0,0,0,0,0,0,0,0,0,0,0,0,0,0,-6.812207311,0,0,2,0,0,0,0,1,0,0,1,0,0,0,0.79227985,0.869111321,0.937642696,0.142857143,0,0,0,0,0,0,0,0,0,0,0,0,0,0,0,210,28,2098,1,0,0,0,0,0.045095041,0,0,0,0,0,0,0,0.00151126,0,0,1,0.00151126,0,0,2.840088844,0,0,0.946696281,0,1,6,0,0,0,0,0,0,114.89344,0,1.252423943,0,8.813160514,2.950199153,33.4496804,41.64439734,6.92E-04,3.61E-04,0,0,0,1,1,0,0,1,1,0,0,1,0,1,0,0,0,0,0,0,0,0,0,0,0,0,0,0,0,0,0,1,1,0,0,0,1,1,0,1,0,1,0,1,0,1,1,0,0,0,0,0,0,0,0,0,0,0,0,0,0,0,0,0,0,0,0,0,0,0,0,0,0,0,0,0,0,0,0,0,0,0,0,0,0,0,0,0,1,0,0,0,1,1,0,0,1,1,1,1,1,1,1,1,1,1,0,0,0,0,1,1,0,1,1,0,0,1,0,1,0,0,1,0,0,0,0,0,0,0,0,1,0,1,0,0,0,0,0,0,0,1,0,0,0,0,0,1,0,0,0,0,FALSE
64,844274,0,0,0,0,0,0.662687397,0,1,0,0,0,0,0,0,0,0,0,0,11.59173315,0.565692983,0.568363958,0.564369357,1,0,0,0,0,0,0,0,0,0,0,0,0,0,0,0,0,0,0,0,0,8.669270515,1,1,1,1,1,1,1,1,0,0,0,0,0,0,0,0,32.89075089,0,0,0,0,0,0,0,0,0,0,0,0,0,0,1,0,0,0,0,1,0,0,1,0,0,0,0,0,0,0.857142857,0,0,0,0,4.734440117,0,0,0,1,0,0,0,0,0,0,96,1,2784,6,0,0,0,0,0.063030303,0,0,0,0,0,0,0,0,0,0,1,1,0.662687397,0,2.840088844,0,0,0.946696281,0,0,0,0,0,0,0,1,0,15.83365415,0,0,0,8.224272138,0.800577488,41.8121005,50.83695013,6.03E-04,4.43E-05,0,0,0,1,1,0,0,1,1,0,0,1,0,1,0,0,0,0,0,0,0,0,0,0,0,0,0,0,0,0,0,1,1,0,0,0,1,1,0,1,1,1,1,1,0,1,1,0,0,0,0,0,0,0,0,0,0,0,0,0,0,0,0,0,0,0,0,0,0,0,0,0,0,0,0,0,0,0,1,1,1,0,0,0,0,0,0,0,1,0,0,0,1,1,1,1,1,1,1,1,0,0,1,1,1,1,0,0,0,0,1,1,0,1,1,0,0,1,0,1,0,0,1,0,0,0,0,0,0,0,0,1,0,1,0,0,0,0,0,0,0,1,0,0,0,0,0,1,0,0,0,0,FALSE
65,844274,0,0,0,0,0,0,0,1,0,0,0,0,0,0,0,0,0,0,12.79368311,1.331598699,1.729983469,1.244046384,1,0,0,0,0,0,0,0,0,0,0,0,0,0,0,0,0,0,0,0,0,4.149997711,1,1,1,1,0,0,0,0,0,0,0,0,0,0,0,1,32.14014053,0,0,0,0,0,0,0,0,0,0,0,-6.812207311,0,0,5,0,0,0,0,1,0,0,1,0,0,0,0.709974864,0.713289463,1.072876009,0.285714286,0,0,0,0,27.99275574,0,0,0,0,0,0,0,0,0,0,0,0,0,0,0,0,0,0,0.240023001,0,0,0,0,0,0,0,2.61E-04,0,0,1,2.61E-04,0,0,2.840088844,0,0,0.946696281,0,5,8,0,0,0,0,0,0,5.574924149,0,0,0,16.21306154,3.55538659,45.99331055,44.35400499,6.92E-04,0.001058213,0,0,0,1,1,0,0,1,1,0,0,1,0,1,0,0,0,0,0,0,0,0,0,0,0,0,0,0,0,0,0,1,1,0,0,0,1,1,0,1,0,1,0,1,0,1,1,0,0,0,0,0,0,0,0,0,0,0,0,0,0,0,0,0,0,0,0,0,0,0,0,0,0,0,0,0,0,0,0,0,0,0,0,0,0,0,0,0,1,0,0,0,1,1,0,0,1,1,1,1,0,0,1,1,1,1,0,0,0,0,1,1,0,1,1,0,0,1,0,1,0,0,1,0,0,0,0,0,0,0,0,1,0,1,0,0,0,0,0,0,0,1,0,0,0,0,0,1,1,1,1,1,FALSE
66,844274,0,0,0,0,0,0.73631933,0,1,1,1,0,0,0,0,0,0,0,0,5.703091896,0.673674307,0.707531899,0.656895881,1,0,0,0,0,0,0,0,0,0,0,0,0,0,0,0,0,0,0,0,0,15.28131104,1,1,1,1,1,1,1,1,1,1,1,1,1,1,0,2,30.31720734,0,0,0,0,0,0,0,0,0,0,0,0,0,0,1,0,0,0,0,1,0,0,1,0,0,0,0,0,0,0.714285714,0,0,0,0,27.30979101,0,0,0,0,0,0,0,0,0,0,1114,183,0,19,0,0,0,0,0.064197531,0,0,0,0,0,0,0,0,0,0,1,0,0.73631933,0,2.840088844,0,0,0.946696281,0,0,0,0,0,0,0,0,0,0,0,0,0,16.21306154,3.463592082,50.1745206,69.85117422,4.44E-04,5.28E-05,0,0,0,1,1,0,0,1,1,0,0,1,0,1,0,0,0,0,0,0,0,0,0,0,0,0,0,0,0,0,0,1,1,0,0,0,1,1,0,1,1,1,1,1,0,1,1,0,0,0,0,0,0,0,0,0,0,0,0,0,0,0,0,0,0,0,0,0,0,0,0,0,0,0,0,0,0,0,1,1,1,0,0,0,0,0,0,0,1,0,0,0,1,1,1,1,1,1,1,1,0,0,1,1,1,1,0,0,0,0,1,1,0,1,1,0,0,1,0,1,0,0,1,0,0,0,0,0,0,0,0,1,0,1,0,0,0,0,0,0,0,1,0,0,0,0,0,1,0,1,0,0,FALSE
67,844274,0,0,0,0,0,0,0,1,0,0,0,0,0,0,0,0,0,0,22.14407957,0.62756051,0.568363958,0.656895881,1,0,0,0,0,0,0,0,0,0,0,0,0,0,0,0,0,0,0,0,0,15.28131104,1,1,1,1,1,1,1,1,1,1,1,1,1,1,0,4,30.2028389,0,0,0,0,0,0,0,0,0,0,0,0,0,0,1,0,0,0,0,1,0,0,1,0,0,0,0,0,0,0.714285714,0,0,0,0,27.99275574,0,0,0,0,0,0,0,0,0,0,40,1,0,2,0,0,0,0,0.077777778,0,0,0,0,0,0,0,0,0,0,1,0,0,0,2.840088844,0,0,0.946696281,0,0,0,0,0,0,0,0,0,112.9333333,0,0,0,18.60205815,3.966569773,50.96471914,73.53334707,5.53E-04,3.75E-05,0,0,0,1,1,0,0,1,1,0,0,1,0,1,0,0,0,0,0,0,0,0,0,0,0,0,0,0,0,0,0,1,1,0,0,0,1,1,0,1,1,1,1,1,0,1,1,0,0,0,0,0,0,0,0,0,0,0,0,0,0,0,0,0,0,0,0,0,0,0,0,0,0,0,0,0,0,0,1,1,1,0,0,0,0,0,0,0,1,0,0,0,1,1,1,1,1,1,1,1,0,0,1,1,1,1,0,0,0,0,1,1,0,1,1,0,0,1,0,1,0,0,1,0,0,0,0,0,0,0,0,1,0,1,0,0,0,0,0,0,0,1,0,0,0,0,0,1,0,1,0,0,FALSE
68,844274,0,0,0,0,0,0.946696281,0,1,1,1,0,0,0,0,0,0,0,0,15.58359199,0.327425086,0,0.489683459,1,0,0,0,0,0,0,0,0,0,0,0,0,0,0,0,0,0,0,0,0,12.23678875,1,1,1,1,1,1,1,1,1,1,1,1,0,0,0,0,0,0,0,0,0,1,-8.35258252,0,0,0,0,0,0,0,0,1,0,0,0,0,0,0,0,1,0,0,0,0,0,0,0.857142857,0,0,0,0,58.58454639,0,0,0,0,0,0,0,0,0,0,12,1,0,15,0,0,0,0,0.066101695,0,0,0,0,0,0,0,0,0,0,1,1,0.946696281,0,2.840088844,0,0,0.946696281,0,0,0,0,0,0,0,1,0,31.70209887,0,0,0,11.05175191,4.158821069,44.79140088,60.00197386,6.04E-04,1.38E-07,0,0,0,1,1,0,0,1,1,0,0,1,0,1,0,0,0,0,0,0,0,0,0,0,0,0,0,0,0,0,0,1,1,0,0,0,1,1,0,1,1,1,1,1,0,1,1,0,0,0,0,0,0,0,0,0,0,0,0,0,0,0,0,0,0,0,0,0,0,0,0,0,0,0,0,0,0,0,1,1,1,0,0,0,0,0,0,0,1,0,0,0,1,1,1,1,0,0,1,1,1,1,1,1,1,1,0,0,0,0,1,1,0,1,1,0,0,1,0,1,0,0,1,0,0,0,0,0,0,0,0,1,0,1,0,0,0,0,0,0,0,1,0,0,0,0,0,1,0,1,0,0,FALSE
69,844274,0,0,0,0,0,0.710022211,0,1,1,1,0,0,0,0,0,0,0,0,3.70875881,0.278627458,0.840876527,0,1,0,0,0,0,0,0,0,0,0,0,0,0,0,0,0,0,0,0,0,0,0,0,0,0,0,0,0,0,0,0,0,0,0,0,0,0,0,0,0,0,0,0,0,0,3,-6.812207311,0,0,0,0,0,0,1,0,0,0,0,1,0,0,1,0,0,0,0,0,0,0.857142857,0,0,0,0,4.619515057,0,0,0,0,0,0,0,0,0,0,0,0,0,0,0,0,0,0,0.025742574,0,0,0,0,0,0,0,0,0,0,1,0,0.710022211,0,2.840088844,0,0,0.946696281,0,0,0,0,0,0,0,0,0,0.851868536,0.851868536,0,0,5.741722655,0,19.2847304,25.02645305,8.74E-04,5.23E-05,0,0,0,1,1,0,0,1,1,0,0,1,0,1,0,0,1,1,1,1,1,1,1,1,1,1,1,1,1,1,1,1,1,0,0,0,1,1,0,1,1,1,1,1,0,1,1,0,0,0,0,0,0,0,0,0,0,0,0,0,0,0,0,0,0,0,0,0,0,0,0,0,0,0,0,0,0,0,1,1,1,0,0,0,0,0,0,0,1,0,0,0,1,1,1,1,1,1,0,0,1,1,1,1,1,1,0,0,0,0,1,1,0,1,1,0,0,1,0,1,0,0,1,0,0,0,0,0,0,0,0,1,0,1,0,0,0,0,0,0,0,1,0,0,0,0,0,1,1,1,1,1,FALSE
70,844274,0,0,0,0,0,0.946696281,0,1,1,1,0,0,0,0,0,0,0,0,5.703091896,0.708717136,1,0.564369357,1,0,0,0,0,0,0,0,0,0,0,0,0,0,0,0,0,0,0,0,0,5.153400898,1,1,1,1,1,0,0,0,0,0,0,0,0,0,0,1,32.14014053,0,0,0,0,0,0,0,0,0,0,0,0,0,0,1,0,0,0,0,1,0,0,1,0,0,0,0.391068917,1.021979597,1.101094162,0.428571429,0,0,0,0,0,0,0,0,0,0,0,0,0,0,0,14413,10,0,31,0,0,0,0,0.072520661,0,0,0,0,0,0,0,0.002560484,0,0,1,0.002560484,0.946696281,0,2.840088844,0,0,0.946696281,0,0,0,0,0,0,0,0,0,14.06875415,0,1.252423943,0,0,0,11.67748416,11.67748416,4.00E-04,3.48E-04,0,0,0,1,1,0,0,1,1,0,0,1,0,1,0,0,0,0,0,0,0,0,0,0,0,0,0,0,0,0,0,1,1,0,0,0,1,1,0,1,1,1,1,1,0,1,1,0,0,1,1,1,1,1,1,0,0,0,0,0,0,0,0,0,0,0,0,0,0,0,0,0,0,0,0,0,0,0,0,0,0,0,0,0,0,0,0,0,1,0,0,0,1,1,1,1,1,1,1,1,0,0,1,1,1,1,0,0,0,0,1,1,0,1,1,0,0,1,0,1,0,0,1,0,0,0,0,0,0,0,0,1,0,1,0,0,0,0,0,0,0,1,0,0,0,0,0,1,0,1,0,0,FALSE
71,844274,0,0,0,0,0,0,0,1,0,0,0,0,0,0,0,0,0,0,5.563138215,0.066276333,0.200016943,0,1,0,0,0,0,0,0,0,0,0,0,0,0,0,0,0,0,0,0,0,0,0,0,0,0,0,0,0,0,0,0,0,0,0,0,0,0,0,0,0,0,0,0,0,0,1,-6.811016126,0,0,0,0,0,0,2,0,0,0,0,1,0,0,1,0,0,0,0,0,0,0.714285714,0,0,0,0,0,0,0,0,0,0,0,0,0,0,0,0,0,0,0,0,0,0,0,0.022033898,0,0,0,0,0,0,0,0,0,0,1,0,0,0,2.840088844,0,0,0.946696281,0,0,0,0,0,0,0,0,0,0,17.03737071,0,0,0,0,5.1708769,5.1708769,9.56E-05,0,0,0,0,1,1,0,0,1,1,0,0,1,0,1,0,0,1,1,1,1,1,1,1,1,1,1,1,1,1,1,1,1,1,0,0,0,1,1,0,1,1,1,1,1,0,1,1,0,0,0,0,0,0,0,0,0,0,0,0,0,0,0,0,0,0,0,0,0,0,0,0,0,0,0,0,0,0,0,1,1,1,0,0,0,0,0,0,0,1,0,0,0,1,1,1,1,1,1,0,0,1,1,1,1,1,1,0,0,0,0,1,1,0,1,1,0,1,1,1,1,0,0,1,0,0,0,0,0,0,0,0,1,0,1,0,0,0,0,0,0,0,1,0,0,0,0,0,1,1,1,1,1,FALSE
72,844274,0,0,0,0,0,0,0,1,0,0,0,0,0,0,0,0,0,0,3.70875881,0.286339189,0.568363958,0.14657934,1,0,0,0,0,0,0,0,0,0,0,0,0,0,0,0,0,0,0,0,0,2.678925037,1,1,0,0,0,0,0,0,0,0,0,0,0,0,0,0,0,0,0,0,0,0,0,2,-6.812207311,0,0,0,0,0,0,1,0,0,0,0,1,0,0,1,0,0,0,0.823897377,0.870144752,1.078052348,0.142857143,0,0,0,0,0,0,0,0,0,0,0,0,0,0,0,0,0,0,0,0,0,0,0,0,0,0,0,0,0,0,0,0,0,0,1,0,0,0,2.840088844,0,0,0.946696281,0,6,10,0,0,0,0,0,0,0,0,0,0,0,0,13.0558242,13.0558242,1.42E-04,3.80E-06,0,0,0,1,1,0,0,1,1,0,0,1,0,1,0,0,0,0,0,0,0,0,0,0,0,0,0,0,0,0,0,1,1,0,0,0,1,1,0,1,0,1,0,1,0,1,1,0,0,0,0,0,0,0,0,0,0,0,0,0,0,0,0,0,0,0,0,0,0,0,0,0,0,0,0,0,0,0,0,0,0,0,0,0,0,0,0,0,1,0,0,0,1,1,1,1,1,1,0,0,1,1,1,1,1,1,0,0,0,0,1,1,0,1,1,0,0,1,0,1,0,0,1,0,0,0,0,0,0,0,0,1,0,1,0,0,0,0,0,0,0,1,0,0,0,0,0,1,1,1,1,1,FALSE
73,844274,0,0,0,0,0,0.946696281,0,1,1,1,0,0,0,0,0,0,0,0,3.70875881,0.232513661,0.701708587,0,1,0,0,0,0,0,0,0,0,0,0,0,0,0,0,0,0,0,0,0,0,5.00230217,1,1,1,1,1,0,0,0,0,0,0,0,0,0,0,0,0,0,0,0,0,0,0,0,-6.811016126,0,0,0,0,0,0,1,0,0,0,0,1,0,0,1,0,0,0,0,0,0,0.714285714,0,0,0,0,0,0,0,0,0,0,0,0,0,0,0,19316,2,0,4,0,0,0,0,0.013265306,0,0,0,0,0,0,0,0,0,0,1,0,0.946696281,0,2.840088844,0,0,0.946696281,0,0,8,0,0,0,0,0,0,0,0,0,0,0,0,8.05822964,8.05822964,0.001184818,5.91E-05,0,0,0,1,1,0,0,1,1,0,0,1,0,1,0,0,0,0,0,0,0,0,0,0,0,0,0,0,0,0,0,1,1,0,0,0,1,1,0,1,0,1,0,1,0,1,1,0,0,0,0,0,0,0,0,0,0,0,0,0,0,0,0,0,0,0,0,0,0,0,0,0,0,0,0,0,0,0,1,1,1,0,0,0,0,0,0,0,1,0,0,0,1,1,1,1,1,1,0,0,1,1,1,1,1,1,0,0,0,0,1,1,0,1,1,0,0,1,0,1,0,0,1,0,0,0,0,0,0,0,0,1,0,1,0,0,0,0,0,0,0,1,0,0,0,0,0,1,0,1,0,0,FALSE
74,844274,0,0,0,0,0,0.946696281,0,1,0,0,0,0,0,0,0,0,0,0,0,0,0,0,1,0,0,0,0,0,0,0,0,0,0,0,0,0,0,0,0,0,0,0,0,6.340812683,1,1,1,1,1,1,0,0,0,0,0,0,0,0,0,0,0,0,0,0,0,0,0,0,0,0,0,0,0,0,0,0,0,0,0,0,1,0,0,1,0,0,0,0.814422974,0,0,0.714285714,0,0,0,0,0,0,0,0,0,0,0,0,0,0,0,0,0,0,0,0,0,0,0,0,0,0,0,0,0,0,0,0.113603554,0,0,1,0.113603554,0.946696281,0,2.840088844,0,0,0,0,1,13,0,0,14,792,0,0,0,0,0,0,0,0,0,0,0,0,0,0,0,1,1,0,0,1,1,0,0,1,0,1,0,0,0,0,0,0,0,0,0,0,0,0,0,0,0,0,0,1,1,0,0,0,1,1,0,1,0,1,0,1,0,1,1,1,1,1,1,1,1,1,1,0,0,0,0,0,0,0,0,0,0,0,0,0,0,0,0,0,0,0,0,0,1,0,0,1,1,0,0,1,0,1,0,1,1,1,1,1,1,1,1,1,1,1,1,1,1,1,1,1,1,1,1,1,1,0,0,0,0,1,1,1,0,1,0,1,0,1,1,0,1,1,1,1,1,0,0,1,0,1,0,0,0,1,0,0,0,1,0,0,0,0,0,1,1,1,1,1,FALSE
75,844274,0,0,0,0,0,0,0,1,0,0,0,0,0,0,0,0,0,0,7.217618394,0.956520799,0.991713878,0.93908056,1,0,0,0,0,0,0,0,0,0,0,0,0,0,0,0,0,0,0,0,0,3.203770876,1,1,1,0,0,0,0,0,0,0,0,0,0,0,0,0,32.89075089,0,0,0,0,0,0,0,0,0,0,0,0,0,0,2,0,0,0,0,1,0,0,1,0,0,0,0.788471121,0.955267461,1.018763564,0.285714286,0,0,0,0,27.99275574,0,0,0,0,0,0,0,0,0,0,73,1,5998,4,0,0,0,0,0.098438863,0,0,0,0,0,0,0,0.004892487,0,0,1,0.004892487,0,0,2.840088844,0,0,0.946696281,0,0,0,0,0,0,0,0,0,7.916827074,0,0,0,12.64398863,3.410282432,41.8121005,52.26105582,6.03E-04,1.73E-04,0,0,0,1,1,0,0,1,1,0,0,1,0,1,0,0,0,0,0,0,0,0,0,0,0,0,0,0,0,0,0,1,1,0,0,0,1,1,0,1,1,1,1,1,0,1,1,0,0,0,0,0,0,0,0,0,0,0,0,0,0,0,0,0,0,0,0,0,0,0,0,0,0,0,0,0,0,0,0,0,0,0,0,0,0,0,0,0,1,0,0,0,1,1,1,1,1,1,1,1,0,0,1,1,1,1,0,0,0,0,1,1,0,1,1,0,0,1,0,1,0,0,1,0,0,0,0,0,0,0,0,1,0,1,0,0,0,0,0,0,0,1,0,0,0,0,0,1,0,0,0,0,FALSE
76,844274,0,0,0,0,0,0.946696281,0,1,1,1,0,0,0,0,0,0,0,0,3.70875881,0,0,0,1,0,0,0,0,0,0,0,0,0,0,0,0,0,0,0,0,0,0,0,0,13.33540058,1,1,1,1,1,1,1,1,1,1,1,1,1,0,0,0,0,0,0,0,0,0,0,0,0,1,-8.542521357,0,0,0,0,1,0,0,0,0,1,0,0,1,0,0,0,0,0,0,0.714285714,0,0,0,0,0,0,0,0,0.333333343,0,1,0,0,0,0,1716,8,5611,16,0,0,0,0,0,0,0,0,0,0,0,0,0,0,0,1,1,0.946696281,0,2.840088844,0,0,0.946696281,0,0,0,0,0,0,0,1,0,0,0,0,0,17.38676668,0.724593549,39.18661135,57.29797158,2.15E-04,0,0,0,0,1,1,0,0,1,1,0,0,1,0,1,0,0,0,0,0,0,0,0,0,0,0,0,0,0,0,0,0,1,1,0,0,0,1,1,0,1,1,1,1,1,0,1,1,0,0,0,0,0,0,0,0,0,0,0,0,0,0,0,0,0,0,0,0,0,0,0,0,0,0,0,0,0,0,0,1,1,1,0,0,0,0,0,0,0,1,0,0,0,0,0,1,1,1,1,1,1,1,1,1,1,1,1,0,0,0,0,1,1,0,1,1,0,0,1,0,1,0,0,1,0,0,0,0,0,0,0,0,1,0,1,0,0,0,0,0,0,0,1,0,0,0,0,0,1,0,0,0,0,FALSE
77,844274,0,0,0,0,0,0.774569685,0,1,0,0,0,0,0,0,0,0,0,0,3.70875881,0.232513661,0.701708587,0,1,0,0,0,0,0,0,0,0,0,0,0,0,0,0,0,0,0,0,0,0,2.043366194,1,1,0,0,0,0,0,0,0,0,0,0,0,0,0,0,0,0,0,0,0,0,0,0,-6.811016126,0,0,0,0,0,0,1,0,0,0,0,1,0,0,1,0,0,0,0.908858598,1.041250919,1.048068633,0.285714286,0,0,0,0,0,0,0,0,0,0,0,0,0,0,0,0,0,0,0,0,0,0,0,0.026530612,0,0,0,0,0,0,0,0.009939069,0,0,1,0.009939069,0.774569685,0,2.840088844,0,0,0.946696281,0,0,10,0,0,0,0,0,0,8.518685355,8.518685355,0,0,0,0,16.11645928,16.11645928,0.001184818,5.91E-05,0,0,0,1,1,0,0,1,1,0,0,1,0,1,0,0,0,0,0,0,0,0,0,0,0,0,0,0,0,0,0,1,1,0,0,0,1,1,0,1,0,1,0,1,0,1,1,0,0,0,0,0,0,0,0,0,0,0,0,0,0,0,0,0,0,0,0,0,0,0,0,0,0,0,0,0,0,0,0,0,0,0,0,0,0,0,0,0,1,0,0,0,1,1,1,1,1,1,0,0,1,1,1,1,1,1,0,0,0,0,1,1,0,1,1,0,0,1,0,1,0,0,1,0,0,0,0,0,0,0,0,1,0,1,0,0,0,0,0,0,0,1,0,0,0,0,0,1,1,1,1,1,FALSE
78,844274,0,0,0,0,0,0,0,1,0,0,0,0,0,0,0,0,0,0,5.703091896,0.673674307,0.707531899,0.656895881,1,0,0,0,0,0,0,0,0,0,0,0,0,0,0,0,0,0,0,0,0,13.67187309,1,1,1,1,1,1,1,1,1,1,1,1,1,0,0,3,30.22504425,0,0,0,0,0,0,0,0,0,0,0,0,0,0,1,0,0,0,0,1,0,0,1,0,0,0,0,0,0,0.857142857,0,0,0,0,27.99275574,0,0,0,0,0,0,0,0,0,0,6,1,0,3,0,0,0,0,0.039097744,0,0,0,0,0,0,0,0,0,0,1,1,0,0,2.840088844,0,0,0.946696281,0,0,0,0,0,0,0,1,0,0,0,0,0,12.64398863,3.410282432,37.63089045,53.68516152,3.70E-04,5.08E-05,0,0,0,1,1,0,0,1,1,0,0,1,0,1,0,0,0,0,0,0,0,0,0,0,0,0,0,0,0,0,0,1,1,0,0,0,1,1,0,1,1,1,1,1,0,1,1,0,0,0,0,0,0,0,0,0,0,0,0,0,0,0,0,0,0,0,0,0,0,0,0,0,0,0,0,0,0,0,1,1,1,0,0,0,0,0,0,0,1,0,0,0,1,1,1,1,1,1,1,1,0,0,1,1,1,1,0,0,0,0,1,1,0,1,1,0,0,1,0,1,0,0,1,0,0,0,0,0,0,0,0,1,0,1,0,0,0,0,0,0,0,1,0,0,0,0,0,1,0,1,0,0,FALSE
79,844274,0,0,0,0,0.035501111,0,0,1,0,0,0,0,0,0,0,0,0,0,0,0,0,0,1,0,0,0,0,0,0,0,0,0,0,0,0,0,0,0,0,0,0,0,0,1.780548215,1,0,0,0,0,0,0,0,0,0,0,0,0,0,0,0,0,0,0,0,0,0,0,0,0,0,0,0,0,0,0,0,0,0,0,0,1,0,0,1,0,0,0,0.726098016,0.776064459,1.008433471,0.285714286,0,0,0,0,0,0,0,0,0,0,0,0,0,0,0,0,0,0,0,0,0,0,0,0,0,0,0,0,0,0,0,0.006433813,0,0,1,0.041934924,0,0,2.840088844,0,0,0,0,3,9,0,0,9,1122,0,0,0,0,0,0,0,0,0,0,0,0,0,0,0,1,1,0,0,1,1,0,0,1,0,1,0,0,0,0,0,0,0,0,0,0,0,0,0,0,0,0,0,1,1,0,0,0,1,1,0,1,0,1,0,1,0,1,1,1,1,1,1,1,1,1,1,0,0,0,0,0,0,0,0,0,0,0,0,0,0,0,0,0,0,0,0,0,1,0,0,0,0,0,0,1,0,1,0,1,1,1,1,1,1,1,1,1,1,1,1,1,1,1,1,1,1,1,1,1,1,0,0,0,0,1,1,1,0,1,0,1,0,1,1,0,1,1,1,1,1,0,0,1,0,1,0,0,0,1,0,0,0,1,0,0,0,0,0,1,1,1,1,1,FALSE
80,844274,0,0,0,0,0,0.946696281,0,1,0,0,0,0,0,0,0,0,0,0,3.70875881,0.098009749,0,0.14657934,1,0,0,0,0,0,0,0,0,0,0,0,0,0,0,0,0,0,0,0,0,2.710147619,1,1,0,0,0,0,0,0,0,0,0,0,0,0,0,0,0,0,0,0,0,0,0,0,0,0,0,2,-6.934748585,0,0,1,0,0,0,0,1,0,0,1,0,0,0,0.818497395,1.01885158,1.124288487,0.285714286,0,0,0,0,0,0,0,0,0,0,0,0,0,0,0,0,0,2605,2,0,0,0,0,0,0,0,0,0,0,0,0,0.002888471,0,0,1,0.002888471,0.946696281,0,2.840088844,0,0,0.946696281,0,0,8,0,0,0,0,0,0,0,0,0,0,0,0,15.74591643,15.74591643,7.15E-05,0,0,0,0,1,1,0,0,1,1,0,0,1,0,1,0,0,0,0,0,0,0,0,0,0,0,0,0,0,0,0,0,1,1,0,0,0,1,1,0,1,0,1,0,1,0,1,1,0,0,0,0,0,0,0,0,0,0,0,0,0,0,0,0,0,0,0,0,0,0,0,0,0,0,0,0,0,0,0,0,0,0,0,0,0,0,0,0,0,1,0,0,0,1,1,0,0,1,1,1,1,1,1,1,1,1,1,0,0,0,0,1,1,0,1,1,0,0,1,0,1,0,0,1,0,0,0,0,0,0,0,0,1,0,1,0,0,0,0,0,0,0,1,0,0,0,0,0,1,0,0,1,1,FALSE
81,844274,0,0,0,0,0,0,0,1,0,0,0,0,0,0,0,0,0,0,8.431316129,0.611914498,0.568363958,0.63349635,1,0,0,0,0,0,0,0,0,0,0,0,0,0,0,0,0,0,0,0,0,12.28557873,1,1,1,1,1,1,1,1,1,1,1,1,0,0,0,0,0,0,0,0,0,4,-8.35258252,0,0,0,0,0,0,0,0,1,0,0,0,0,1,0,0,1,0,0,0,0,0,0,0.857142857,0,0,0,0,58.58454639,0,0,0,0,0,0,0,0,0,0,0,0,0,0,0,0,0,0,0.021910112,0,0,0,0,0,0,0,0,0,0,1,0,0,0,2.840088844,0,0,0.946696281,0,0,0,0,0,0,0,0,0,3.170209887,0,0,0,8.727140974,3.410146268,31.11879571,43.25608295,1.49E-04,7.46E-07,0,0,0,1,1,0,0,1,1,0,0,1,0,1,0,0,0,0,0,0,0,0,0,0,0,0,0,0,0,0,0,1,1,0,0,0,1,1,0,1,1,1,1,1,0,1,1,0,0,0,0,0,0,0,0,0,0,0,0,0,0,0,0,0,0,0,0,0,0,0,0,0,0,0,0,0,0,0,1,1,1,0,0,0,0,0,0,0,1,0,0,0,1,1,1,1,0,0,1,1,1,1,1,1,1,1,0,0,0,0,1,1,0,1,1,0,1,1,1,1,0,0,1,0,0,0,0,0,0,0,0,1,0,1,0,0,0,0,0,0,0,1,0,0,0,0,0,1,1,1,1,1,FALSE
82,844274,0,0,0,0,0,0,0,1,0,0,0,0,0,0,0,0,0,0,3.70875881,0.286339189,0.568363958,0.14657934,1,0,0,0,0,0,0,0,0,0,0,0,0,0,0,0,0,0,0,0,0,3.788516998,1,1,1,0,0,0,0,0,0,0,0,0,0,0,0,0,0,0,0,0,0,0,0,1,-6.811016126,0,0,0,0,0,0,1,0,0,0,0,1,0,0,1,0,0,0,0.920476006,1.019150288,1.075642728,0.285714286,0,0,0,0,0,0,0,0,0,0,0,0,0,0,0,3485,1,0,6,0,0,0,0,0.021138211,0,0,0,0,0,0,0,0,0,0,1,0,0,0,2.840088844,0,0,0.946696281,0,3,11,0,0,0,0,0,0,0,0,0,0,0,0,5.248638811,5.248638811,9.56E-05,1.80E-06,0,0,0,1,1,0,0,1,1,0,0,1,0,1,0,0,0,0,0,0,0,0,0,0,0,0,0,0,0,0,0,1,1,0,0,0,1,1,0,1,0,1,0,1,0,1,1,0,0,0,0,0,0,0,0,0,0,0,0,0,0,0,0,0,0,0,0,0,0,0,0,0,0,0,0,0,0,0,0,0,0,0,0,0,0,0,0,0,1,0,0,0,1,1,1,1,1,1,0,0,1,1,1,1,1,1,0,0,0,0,1,1,0,1,1,0,0,1,0,1,0,0,1,0,0,0,0,0,0,0,0,1,0,1,0,0,0,0,0,0,0,1,0,0,0,0,0,1,0,1,0,0,FALSE
83,844274,0,0,0,0,0,0,0,1,0,0,0,0,0,0,0,0,0,0,5.703091896,0.673674307,0.707531899,0.656895881,1,0,0,0,0,0,0,0,0,0,0,0,0,0,0,0,0,0,0,0,0,3.95798564,1,1,1,0,0,0,0,0,0,0,0,0,0,0,0,2,30.31720734,0,0,0,0,0,0,0,0,0,0,0,0,0,0,1,0,0,0,0,1,0,0,1,0,0,0,1.090574918,1.168812843,1.234539443,0.428571429,0,0,0,0,27.30979101,0,0,0,0,0,0,0,0,0,0,1023,43,6745,3,0,0,0,0,0.057961783,0,0,0,0,0,0,0,0,0,0,1,0,0,0,2.840088844,0,0,0.946696281,0,4,8,0,0,0,0,0,0,0,0,0,0,16.21306154,3.463592082,45.99331055,65.66996417,4.44E-04,1.06E-04,0,0,0,1,1,0,0,1,1,0,0,1,0,1,0,0,0,0,0,0,0,0,0,0,0,0,0,0,0,0,0,1,1,0,0,0,1,1,0,1,0,1,0,1,0,1,1,0,0,0,0,0,0,0,0,0,0,0,0,0,0,0,0,0,0,0,0,0,0,0,0,0,0,0,0,0,0,0,0,0,0,0,0,0,0,0,0,0,1,0,0,0,1,1,1,1,1,1,1,1,0,0,1,1,1,1,0,0,0,0,1,1,0,1,1,0,0,1,0,1,0,0,1,0,0,0,0,0,0,0,0,1,0,1,0,0,0,0,0,0,0,1,0,0,0,0,0,1,0,0,0,0,FALSE
84,844274,0,0,0,0,0,0.946696281,0,1,0,0,0,0,0,0,0,0,0,0,3.70875881,0.098009749,0,0.14657934,1,0,0,0,0,0,0,0,0,0,0,0,0,0,0,0,0,0,0,0,0,1.948623538,1,0,0,0,0,0,0,0,0,0,0,0,0,0,0,0,0,0,0,0,0,0,0,0,0,0,0,2,-6.934748585,0,0,1,0,0,0,0,1,0,0,1,0,0,0,0.92510589,1.003262255,1.032689456,0.142857143,0,0,0,0,0,0,0,0,0,0,0,0,0,0,0,0,0,0,0,0,0,0,0,0,0,0,0,0,0,0,0,0,0,0,1,0,0.946696281,0,2.840088844,0,0,0.946696281,0,0,0,0,0,0,0,0,0,0,0,0,0,0,0,16.24591083,16.24591083,7.15E-05,0,0,0,0,1,1,0,0,1,1,0,0,1,0,1,0,0,0,0,0,0,0,0,0,0,0,0,0,0,0,0,0,1,1,0,0,0,1,1,0,1,1,1,1,1,0,1,1,0,0,0,0,0,0,0,0,0,0,0,0,0,0,0,0,0,0,0,0,0,0,0,0,0,0,0,0,0,0,0,0,0,0,0,0,0,0,0,0,0,1,0,0,0,1,1,0,0,1,1,1,1,1,1,1,1,1,1,0,0,0,0,1,1,0,1,1,0,0,1,0,1,0,0,1,0,0,0,0,0,0,0,0,1,0,1,0,0,0,0,0,0,0,1,0,0,0,0,0,1,1,1,1,1,FALSE
85,844274,0,0,0,0,0,0.946696281,0,1,0,0,0,0,0,0,0,0,0,0,3.70875881,0.286339189,0.568363958,0.14657934,1,0,0,0,0,0,0,0,0,0,0,0,0,0,0,0,0,0,0,0,0,2.637651443,1,1,0,0,0,0,0,0,0,0,0,0,0,0,0,0,0,0,0,0,0,0,0,4,-6.812207311,0,0,0,0,0,0,1,0,0,0,0,1,0,0,1,0,0,0,0.884176466,1.078512316,1.212539866,0.285714286,0,0,0,0,0,0,0,0,0,0,0,0,0,0,0,200,3,2300,4,0,0,0,0,0.005284553,0,0,0,0,0,0,0,0,0,0,1,0,0.946696281,0,2.840088844,0,0,0.946696281,0,3,9,0,0,0,0,0,0,6.72256142,0,0,0,0,0,4.02911482,4.02911482,8.96E-05,3.60E-06,0,0,0,1,1,0,0,1,1,0,0,1,0,1,0,0,0,0,0,0,0,0,0,0,0,0,0,0,0,0,0,1,1,0,0,0,1,1,0,1,0,1,0,1,0,1,1,0,0,0,0,0,0,0,0,0,0,0,0,0,0,0,0,0,0,0,0,0,0,0,0,0,0,0,0,0,0,0,0,0,0,0,0,0,0,0,0,0,1,0,0,0,1,1,1,1,1,1,0,0,1,1,1,1,1,1,0,0,0,0,1,1,0,1,1,0,0,1,0,1,0,0,1,0,0,0,0,0,0,0,0,1,0,1,0,0,0,0,0,0,0,1,0,0,0,0,0,1,0,0,0,0,FALSE
86,844274,0,0,0,0,0.035501111,0,0,1,0,0,0,0,0,0,0,0,0,0,13.83583851,1.377198187,1.765963411,1.391366307,1,0,0,0,0,0,0,0,0,0,0,0,0,0,0,0,0,0,0,0,0,1.224098325,1,0,0,0,0,0,0,0,0,0,0,0,0,0,0,1,32.14014053,0,0,0,0,0,-7.849647835,2,-6.812207311,0,0,0,-6.812207311,0,0,9,0,0,0,0,1,0,0,1,0,0,0,0.976859422,0.987912758,1.136350687,0.285714286,0,0,0,0,69.94909913,0,0,0,0,0,0,0,0,0,0,439230,345,3851,27,0,0,0,0,0.31361943,0,0,0,0,0,0,0,0.001115072,0,0,1,0.036616183,0,0,2.840088844,0,0,0.946696281,0,0,0,0,0,0,0,0,0,135.5421303,8.518685355,0.939317957,0,16.21306154,5.193789936,49.56815971,34.49280341,0.003371098,0.00379343,0,0,0,1,1,0,0,1,1,0,0,1,0,1,0,0,0,0,0,0,0,0,0,0,0,0,0,0,0,0,0,1,1,0,0,0,1,1,0,1,1,1,1,1,0,1,1,0,0,0,0,0,0,0,0,0,0,0,0,0,0,0,0,0,0,0,0,0,0,0,0,0,0,0,0,0,0,0,0,0,0,0,0,0,0,0,0,0,1,0,0,0,1,1,0,0,0,0,0,0,0,0,1,1,1,1,0,0,0,0,1,1,0,1,1,0,0,1,0,1,0,0,1,0,0,0,0,0,0,0,0,1,0,1,0,0,0,0,0,0,0,1,0,0,0,0,0,1,0,0,0,0,FALSE
87,844274,0,0,0,0,0,0,0,1,0,0,0,0,0,0,0,0,0,0,25.34455407,1.331598699,1.729983469,1.244046384,1,0,0,0,0,0,0,0,0,0,0,0,0,0,0,0,0,0,0,0,0,1.962596655,1,0,0,0,0,0,0,0,0,0,0,0,0,0,0,1,32.14014053,0,0,0,0,0,0,1,-6.811016126,0,0,0,-6.812207311,0,0,5,0,0,0,0,1,0,0,1,0,0,0,0.867206046,0.997109553,1.021257346,0.285714286,0,0,0,0,27.99275574,0,0,0,0,0,0,0,0,0,0,0,0,0,0,0,0,0,0,0.276198912,0,0,0,0,0,0,0,0.003220055,0,0,1,0.003220055,0,0,2.840088844,0,0,0.946696281,0,12,4,0,0,0,0,0,0,13.17983332,8.518685355,0,0,16.21306154,3.55538659,45.99331055,39.04022908,6.52E-04,8.01E-04,0,0,0,1,1,0,0,1,1,0,0,1,0,1,0,0,0,0,0,0,0,0,0,0,0,0,0,0,0,0,0,1,1,0,0,0,1,1,0,1,0,1,0,1,0,1,1,0,0,0,0,0,0,0,0,0,0,0,0,0,0,0,0,0,0,0,0,0,0,0,0,0,0,0,0,0,0,0,0,0,0,0,0,0,0,0,0,0,1,0,0,0,1,1,0,0,1,1,0,0,0,0,1,1,1,1,0,0,0,0,1,1,0,1,1,0,0,1,0,1,0,0,1,0,0,0,0,0,0,0,0,1,0,1,0,0,0,0,0,0,0,1,0,0,0,0,0,1,1,1,1,1,FALSE
88,844274,0,0,0,0,0.213006663,0,0,1,1,1,0,0,0,0,0,0,0,0,3.70875881,0.565692983,0.568363958,0.564369357,1,0,0,0,0,0,0,0,0,0,0,0,0,0,0,0,0,0,0,0,0,6.902231216,1,1,1,1,1,1,0,0,0,0,0,0,0,0,0,0,32.89075089,0,0,0,0,0,0,0,0,0,0,0,0,0,0,1,0,0,0,0,1,0,0,1,0,0,0,0,0,0,0.857142857,0,0,0,0,4.734440117,0,0,0,0,0,0,0,0,0,0,2246,3,2350,7,0,0,0,0,0.067241379,0,0,0,0,0,0,0,0.003832778,0,0,1,0.216839442,0,0,2.840088844,0,0,0.946696281,0,0,0,0,0,0,0,0,0,15.83365415,0,0,0,8.224272138,0.800577488,41.8121005,50.83695013,6.03E-04,4.43E-05,0,0,0,1,1,0,0,1,1,0,0,1,0,1,0,0,0,0,0,0,0,0,0,0,0,0,0,0,0,0,0,1,1,0,0,0,1,1,0,1,1,1,1,1,0,1,1,0,0,0,0,0,0,0,0,0,0,0,0,0,0,0,0,0,0,0,0,0,0,0,0,0,0,0,0,0,0,0,1,1,1,0,0,0,0,0,0,0,1,0,0,0,1,1,1,1,1,1,1,1,0,0,1,1,1,1,0,0,0,0,1,1,0,1,1,0,0,1,0,1,0,0,1,0,0,0,0,0,0,0,0,1,0,1,0,0,0,0,0,0,0,1,0,0,0,0,0,1,0,0,0,0,FALSE
89,844274,0,0,0,0,0,0,0,1,0,0,0,0,0,0,0,0,0,0,3.70875881,0.286339189,0.568363958,0.14657934,1,0,0,0,0,0,0,0,0,0,0,0,0,0,0,0,0,0,0,0,0,8.87608242,1,1,1,1,1,1,1,1,0,0,0,0,0,0,0,0,0,0,0,0,0,0,0,4,-6.812207311,0,0,0,0,0,0,1,0,0,0,0,1,0,0,1,0,0,0,0.879795048,0,0,0.714285714,0,0,0,0,0,0,0,0,0,0,0,0,0,0,0,0,0,0,0,0,0,0,0,0.005284553,0,0,0,0,0,0,0,0,0,0,1,0,0,0,2.840088844,0,0,0.946696281,0,0,0,0,0,0,0,0,0,8.067073704,0,0,0,0,0,8.05822964,8.05822964,8.96E-05,1.80E-06,0,0,0,1,1,0,0,1,1,0,0,1,0,1,0,0,0,0,0,0,0,0,0,0,0,0,0,0,0,0,0,1,1,0,0,0,1,1,0,1,1,1,1,1,0,1,1,0,0,0,0,0,0,0,0,0,0,0,0,0,0,0,0,0,0,0,0,0,0,0,0,0,0,0,0,0,0,0,0,1,1,0,0,0,0,0,0,0,1,0,0,0,1,1,1,1,1,1,0,0,1,1,1,1,1,1,0,0,0,0,1,1,0,1,1,0,0,1,0,1,0,0,1,0,0,0,0,0,0,0,0,1,0,1,0,0,0,0,0,0,0,1,0,0,0,0,0,1,1,1,1,1,FALSE
90,844274,0,0,0,0,0,0.710022211,0,1,0,0,0,0,0,0,0,0,0,0,3.70875881,0.286339189,0.568363958,0.14657934,1,0,0,0,0,0,0,0,0,0,0,0,0,0,0,0,0,0,0,0,0,1.288596272,1,0,0,0,0,0,0,0,0,0,0,0,0,0,0,0,0,0,0,0,0,0,0,4,-6.812207311,0,0,0,0,0,0,1,0,0,0,0,1,0,0,1,0,0,0,0,0,0,0.857142857,0,0,0,0,0,0,0,0,1,0,0,0,0,0,0,0,0,0,0,0,0,0,0,0.010569106,0,0,0,0,0,0,0,0,0,0,1,0,0.710022211,0,2.840088844,0,0,0.946696281,0,2,9,0,0,0,0,0,0,0,0,0,0,0,0,8.05822964,8.05822964,8.96E-05,1.80E-06,0,0,0,1,1,0,0,1,1,0,0,1,0,1,0,0,0,0,0,0,0,0,0,0,0,0,0,0,0,0,0,1,1,0,0,0,1,1,0,1,0,1,0,1,0,1,1,0,0,0,0,0,0,0,0,0,0,0,0,0,0,0,0,0,0,0,0,0,0,0,0,0,0,0,0,0,0,0,1,1,1,0,0,0,0,0,0,0,1,0,0,0,1,1,1,1,1,1,0,0,1,1,1,1,1,1,0,0,0,0,1,1,0,1,1,0,0,1,0,1,0,0,1,0,0,0,0,0,0,0,0,1,0,1,0,0,0,0,0,0,0,1,0,0,0,0,0,1,1,1,1,1,FALSE
91,844274,0,0,0,0,0,0.710022211,0,1,0,0,0,0,0,0,0,0,0,0,5.703091896,0.62756051,0.568363958,0.656895881,1,0,0,0,0,0,0,0,0,0,0,0,0,0,0,0,0,0,0,0,0,2.619561911,1,1,0,0,0,0,0,0,0,0,0,0,0,0,0,4,30.2028389,0,0,0,0,0,0,0,0,0,0,0,0,0,0,1,0,0,0,0,1,0,0,1,0,0,0,0.907670986,1.033234594,1.075222934,0.142857143,0,0,0,0,27.99275574,0,0,0,0,0,0,0,0,0,0,0,0,0,0,0,0,0,0,0.072222222,0,0,0,0,0,0,0,0,0,0,1,0,0.710022211,0,2.840088844,0,0,0.946696281,0,0,0,0,0,0,0,0,0,112.9333333,0,0,0,18.50884876,3.96210778,49.56815971,72.03911625,5.53E-04,3.75E-05,0,0,0,1,1,0,0,1,1,0,0,1,0,1,0,0,0,0,0,0,0,0,0,0,0,0,0,0,0,0,0,1,1,0,0,0,1,1,0,1,1,1,1,1,0,1,1,0,0,0,0,0,0,0,0,0,0,0,0,0,0,0,0,0,0,0,0,0,0,0,0,0,0,0,0,0,0,0,0,0,0,0,0,0,0,0,0,0,1,0,0,0,1,1,1,1,1,1,1,1,0,0,1,1,1,1,0,0,0,0,1,1,0,1,1,0,0,1,0,1,0,0,1,0,0,0,0,0,0,0,0,1,0,1,0,0,0,0,0,0,0,1,0,0,0,0,0,1,1,1,1,1,FALSE
92,844274,0,0,0,0,0,0,0,1,1,1,0,0,0,0,0,0,0,0,16.00034497,0.698948347,0.568363958,0.763660586,1,0,0,0,0,0,0,0,0,0,0,0,0,0,0,0,0,0,0,0,0,0,0,0,0,0,0,0,0,0,0,0,0,0,0,0,0,0,0,0,0,0,0,0,-7.849647835,0,0,0,0,0,0,0,0,1,0,0,0,0,0,0,0,1,0,0,0,0,0,0,0.857142857,0,0,0,0,69.94909913,0,0,0,0,0,0,0,0,0,0,0,0,0,0,0,0,0,0,0.097014925,0,0,0,0,0,0,0,0,0,0,1,1,0,0,2.840088844,0,0,0.946696281,0,0,0,0,0,0,0,1,0,10.08333333,0,0,0,15.01896349,5.252810277,41.38204409,61.65381786,0.003371098,1.54E-05,0,0,0,1,1,0,0,1,1,0,0,1,0,1,0,0,1,1,1,1,1,1,1,1,1,1,1,1,1,1,1,1,1,0,0,0,1,1,0,1,1,1,1,1,0,1,1,0,0,0,0,0,0,0,0,0,0,0,0,0,0,0,0,0,0,0,0,0,0,0,0,0,0,0,0,0,0,0,1,1,1,0,0,0,0,0,0,0,1,0,0,0,1,1,1,1,0,0,1,1,1,1,1,1,1,1,0,0,0,0,1,1,0,1,1,0,0,1,0,1,0,0,1,0,0,0,0,0,0,0,0,1,0,1,0,0,0,0,0,0,0,1,0,0,0,0,0,1,1,1,1,1,FALSE
93,844274,0,0,0,0,0,0,0,1,0,0,0,0,0,0,0,0,0,0,3.70875881,0.286339189,0.568363958,0.14657934,1,0,0,0,0,0,0,0,0,0,0,0,0,0,0,0,0,0,0,0,0,6.149689198,1,1,1,1,1,1,0,0,0,0,0,0,0,0,0,0,0,0,0,0,0,0,0,4,-6.812207311,0,0,0,0,0,0,1,0,0,0,0,1,0,0,1,0,0,0,0,0,0,0.857142857,0,0,0,0,0,0,0,0,0,0,0,0,0,0,0,0,0,0,0,0,0,0,0,0.005284553,0,0,0,0,0,0,0,0,0,0,1,0,0,0,2.840088844,0,0,0.946696281,0,0,0,0,0,0,0,0,0,6.72256142,0,0,0,0,0,8.05822964,8.05822964,8.96E-05,1.80E-06,0,0,0,1,1,0,0,1,1,0,0,1,0,1,0,0,0,0,0,0,0,0,0,0,0,0,0,0,0,0,0,1,1,0,0,0,1,1,0,1,1,1,1,1,0,1,1,0,0,0,0,0,0,0,0,0,0,0,0,0,0,0,0,0,0,0,0,0,0,0,0,0,0,0,0,0,0,0,1,1,1,0,0,0,0,0,0,0,1,0,0,0,1,1,1,1,1,1,0,0,1,1,1,1,1,1,0,0,0,0,1,1,0,1,1,0,0,1,0,1,0,0,1,0,0,0,0,0,0,0,0,1,0,1,0,0,0,0,0,0,0,1,0,0,0,0,0,1,1,1,1,1,FALSE
94,844274,0,0,0,0,0.142004442,0,0,1,1,1,0,0,0,0,0,0,0,0,10.79018368,1.331598699,1.729983469,1.244046384,1,0,0,0,0,0,0,0,0,0,0,0,0,0,0,0,0,0,0,0,0,7.239254475,1,1,1,1,1,1,1,0,0,0,0,0,0,0,0,1,32.14014053,0,0,0,0,0,0,0,0,0,0,0,-6.812207311,0,0,5,0,0,0,0,1,0,0,1,0,0,0,0,0,0,0.714285714,0,0,0,0,27.99275574,0,0,2,0,0,0,0,0,0,0,4280,1,0,4,0,0,0,0,0.276198912,0,0,0,0,0,0,0,0.001025673,0,0,1,0.143030115,0,0,2.840088844,0,0,0.946696281,0,0,9,0,0,0,0,0,0,11.1498483,0,0,0,16.21306154,3.6630793,45.99331055,49.40320182,6.52E-04,8.01E-04,0,0,0,1,1,0,0,1,1,0,0,1,0,1,0,0,0,0,0,0,0,0,0,0,0,0,0,0,0,0,0,1,1,0,0,0,1,1,0,1,0,1,0,1,0,1,1,0,0,0,0,0,0,0,0,0,0,0,0,0,0,0,0,0,0,0,0,0,0,0,0,0,0,0,0,0,0,0,1,1,1,0,0,0,0,0,0,0,1,0,0,0,1,1,0,0,1,1,1,1,0,0,1,1,1,1,0,0,0,0,1,1,0,1,1,0,0,1,0,1,0,0,1,0,0,0,0,0,0,0,0,1,0,1,0,0,0,0,0,0,0,1,0,0,0,0,0,1,0,1,0,0,FALSE
95,844274,0,0,0,0,0,0.946696281,0,1,0,0,0,0,0,0,0,0,0,0,5.703091896,0.673674307,0.707531899,0.656895881,1,0,0,0,0,0,0,0,0,0,0,0,0,0,0,0,0,0,0,0,0,2.158241987,1,1,0,0,0,0,0,0,0,0,0,0,0,0,0,2,30.31720734,0,0,0,0,0,0,0,0,0,0,0,0,0,0,1,0,0,0,0,1,0,0,1,0,0,0,0.935766948,1.082400344,1.139505375,0.285714286,0,0,0,0,27.30979101,0,0,0,0,0,0,0,0,0,0,0,0,0,0,0,0,0,0,0.062650602,0,0,0,0,0,0,0,0,0,0,1,1,0.946696281,0,2.840088844,0,0,0.946696281,0,2,10,0,0,0,0,1,0,0,0,0,0,16.21306154,3.463592082,50.1745206,69.85117422,4.44E-04,1.06E-04,0,0,0,1,1,0,0,1,1,0,0,1,0,1,0,0,0,0,0,0,0,0,0,0,0,0,0,0,0,0,0,1,1,0,0,0,1,1,0,1,0,1,0,1,0,1,1,0,0,0,0,0,0,0,0,0,0,0,0,0,0,0,0,0,0,0,0,0,0,0,0,0,0,0,0,0,0,0,0,0,0,0,0,0,0,0,0,0,1,0,0,0,1,1,1,1,1,1,1,1,0,0,1,1,1,1,0,0,0,0,1,1,0,1,1,0,0,1,0,1,0,0,1,0,0,0,0,0,0,0,0,1,0,1,0,0,0,0,0,0,0,1,0,0,0,0,0,1,1,1,1,1,FALSE
96,844274,0,0,0,0,0,0.946696281,0,1,1,1,0,0,0,0,0,0,0,0,5.703091896,0.673674307,0.707531899,0.656895881,1,0,0,0,0,0,0,0,0,0,0,0,0,0,0,0,0,0,0,0,0,10.12225533,1,1,1,1,1,1,1,1,1,1,0,0,0,0,0,3,30.22504425,0,0,0,0,0,0,0,0,0,0,0,0,0,0,1,0,0,0,0,1,0,0,1,0,0,0,0,0,0,0.714285714,0,0,0,0,27.99275574,0,0,0,0,0,0,0,0,0,0,322,62,1818,5,0,0,0,0,0.03540856,0,0,0,0,0,0,0,0,0,0,1,0,0.946696281,0,2.840088844,0,0,0.946696281,0,0,0,0,0,0,0,0,0,0,0,0,0,12.64398863,3.410282432,37.63089045,53.68516152,3.70E-04,5.08E-05,0,0,0,1,1,0,0,1,1,0,0,1,0,1,0,0,0,0,0,0,0,0,0,0,0,0,0,0,0,0,0,1,1,0,0,0,1,1,0,1,1,1,1,1,0,1,1,0,0,0,0,0,0,0,0,0,0,0,0,0,0,0,0,0,0,0,0,0,0,0,0,0,0,0,0,0,0,0,1,1,1,0,0,0,0,0,0,0,1,0,0,0,1,1,1,1,1,1,1,1,0,0,1,1,1,1,0,0,0,0,1,1,0,1,1,0,0,1,0,1,0,0,1,0,0,0,0,0,0,0,0,1,0,1,0,0,0,0,0,0,0,1,0,0,0,0,0,1,0,0,0,0,FALSE
97,844274,0,0,0,0,0,0,0,1,0,0,0,0,0,0,0,0,0,0,8.431316129,0.327425086,0,0.489683459,1,0,0,0,0,0,0,0,0,0,0,0,0,0,0,0,0,0,0,0,0,3.496909142,1,1,1,0,0,0,0,0,0,0,0,0,0,0,0,0,0,0,0,0,0,1,-8.35258252,0,0,0,0,0,0,0,0,1,0,0,0,0,1,0,0,1,0,0,0,0.846642223,1.05257798,1.074033906,0.428571429,0,0,0,0,58.58454639,0,0,0,0,0,0,0,0,0,0,0,0,0,0,0,0,0,0,0.110169492,0,0,0,0,0,0,0,0.002396699,0,0,1,0.002396699,0,0,2.840088844,0,0,0.946696281,0,0,0,0,0,0,0,0,0,0,0,0,0,10.84307056,4.078770284,44.03855061,58.96039145,6.04E-04,1.38E-07,0,0,0,1,1,0,0,1,1,0,0,1,0,1,0,0,0,0,0,0,0,0,0,0,0,0,0,0,0,0,0,1,1,0,0,0,1,1,0,1,1,1,1,1,0,1,1,0,0,0,0,0,0,0,0,0,0,0,0,0,0,0,0,0,0,0,0,0,0,0,0,0,0,0,0,0,0,0,0,0,0,0,0,0,0,0,0,0,1,0,0,0,1,1,1,1,0,0,1,1,1,1,1,1,1,1,0,0,0,0,1,1,0,1,1,0,0,1,0,1,0,0,1,0,0,0,0,0,0,0,0,1,0,1,0,0,0,0,0,0,0,1,0,0,0,0,0,1,1,1,1,1,FALSE
98,844274,0,0,0,0,0.035501111,0,0,1,0,0,0,0,0,0,0,0,0,0,19.28421974,0.62756051,0.727487431,0.656895881,1,0,0,0,0,0,0,0,0,0,0,0,0,0,0,0,0,0,0,0,0,1.224098325,1,0,0,0,0,0,0,0,0,0,0,0,0,0,0,4,30.2028389,0,0,0,0,0,0,0,0,0,0,1,-6.934748585,0,0,1,0,0,0,0,1,0,0,1,0,0,0,0.937784234,1.146781778,1.197947096,0.285714286,0,0,0,0,27.99275574,0,0,0,0,0,0,0,0,0,0,439230,415,2800,27,0,0,0,0,0.077777778,0,0,0,0,0,0,0,0.007425069,0,0,1,0.036922863,0,0,2.840088844,0,0,0.946696281,0,12,12,0,0,0,0,0,0,56.46666667,0,0,0,0,0,12.85648693,12.85648693,6.92E-04,2.32E-04,0,0,0,1,1,0,0,1,1,0,0,1,0,1,0,0,0,0,0,0,0,0,0,0,0,0,0,0,0,0,0,1,1,0,0,0,1,1,0,1,0,1,0,1,0,1,1,0,0,0,0,0,0,0,0,0,0,0,0,0,0,0,0,0,0,0,0,0,0,0,0,0,0,0,0,0,0,0,0,0,0,0,0,0,0,0,0,0,1,0,0,0,1,1,0,0,1,1,1,1,0,0,1,1,1,1,0,0,0,0,1,1,0,1,1,0,0,1,0,1,0,0,1,0,0,0,0,0,0,0,0,1,0,1,0,0,0,0,0,0,0,1,0,0,0,0,0,1,0,0,0,0,FALSE
99,844274,0,0,0,0,0,0,0,1,0,0,0,0,0,0,0,0,0,0,27.64571248,1.178930038,1.238180823,1.149567792,1,0,0,0,0,0,0,0,0,0,0,0,0,0,0,0,0,0,0,0,0,0,0,0,0,0,0,0,0,0,0,0,0,0,0,0,0,2,30.31720734,0,0,0,0,0,0,0,0,0,0,3,-6.934748585,0,0,3,0,0,0,0,1,0,0,1,0,0,0,0,0,0,0.714285714,0,0,0,0,27.99275574,0,0,0,0,0,0,0,0,0,0,0,44,0,0,0,0,0,0,0.339969797,0,0,0,0,0,0,0,0,0,0,1,0,0,0,2.840088844,0,0,0.946696281,0,0,0,0,0,0,0,0,0,0,0,0,0,16.52755497,3.638715963,50.1745206,63.52198911,6.23E-04,1.68E-04,0,0,0,1,1,0,0,1,1,0,0,1,0,1,0,0,1,1,1,1,1,1,1,1,1,1,1,1,1,1,1,1,1,0,0,0,1,1,0,1,1,1,1,1,0,1,1,0,0,0,0,0,0,0,0,0,0,0,0,0,0,0,0,0,0,0,0,0,0,0,0,0,0,0,0,0,0,0,1,1,1,0,0,0,0,0,0,0,1,0,0,0,1,1,0,0,1,1,1,1,0,0,1,1,1,1,0,0,0,0,1,1,0,1,1,0,0,1,0,1,0,0,1,0,0,0,0,0,0,0,0,1,0,1,0,0,0,0,0,0,0,1,0,0,0,0,0,1,0,1,1,0,FALSE
100,844274,0,0,0,0,0,0.946696281,0,1,1,1,0,0,0,0,0,0,0,0,3.70875881,0.232513661,0.701708587,0,1,0,0,0,0,0,0,0,0,0,0,0,0,0,0,0,0,0,0,0,0,15.28131104,1,1,1,1,1,1,1,1,1,1,1,1,1,1,0,0,0,0,0,0,0,0,0,0,-6.811016126,0,0,0,0,0,0,1,0,0,0,0,1,0,0,1,0,0,0,0,0,0,0.857142857,0,0,0,0,0,0,0,0,0,0,0,0,0,0,0,2,2,0,0,0,0,0,0,0.026530612,0,0,0,0,0,0,0,0,0,0,1,0,0.946696281,0,2.840088844,0,0,0.946696281,0,0,0,0,0,0,0,0,0,17.03737071,51.11211213,0,0,0.847324468,0,16.11645928,16.96378375,0.001184818,5.91E-05,0,0,0,1,1,0,0,1,1,0,0,1,0,1,0,0,0,0,0,0,0,0,0,0,0,0,0,0,0,0,0,1,1,0,0,0,1,1,0,1,1,1,1,1,0,1,1,0,0,0,0,0,0,0,0,0,0,0,0,0,0,0,0,0,0,0,0,0,0,0,0,0,0,0,0,0,0,0,1,1,1,0,0,0,0,0,0,0,1,0,0,0,1,1,1,1,1,1,0,0,1,1,1,1,1,1,0,0,0,0,1,1,0,1,1,0,0,1,0,1,0,0,1,0,0,0,0,0,0,0,0,1,0,1,0,0,0,0,0,0,0,1,0,0,0,0,0,1,0,1,0,0,FALSE
101,844274,0,0,0,0,0,0,0,1,0,0,0,0,0,0,0,0,0,0,3.70875881,0,0,0,1,0,0,0,0,0,0,0,0,0,0,0,0,0,0,0,0,0,0,0,0,6.559545517,1,1,1,1,1,1,0,0,0,0,0,0,0,0,0,0,0,0,0,0,0,0,0,0,0,0,0,1,-6.934748585,0,0,1,0,0,0,0,1,0,0,1,0,0,0,0,0,0,0.857142857,0,0,0,0,0,0,0,0,0,0,0,0,0,0,0,2860,32,4216,1,0,0,0,0,0,0,0,0,0,0,0,0,0,0,0,1,0,0,0,2.840088844,0,0,0.946696281,0,0,0,0,0,0,0,0,0,0,0,0,0,0,0,13.48399725,13.48399725,1.69E-04,8.43E-07,0,0,0,1,1,0,0,1,1,0,0,1,0,1,0,0,0,0,0,0,0,0,0,0,0,0,0,0,0,0,0,1,1,0,0,0,1,1,0,1,1,1,1,1,0,1,1,0,0,0,0,0,0,0,0,0,0,0,0,0,0,0,0,0,0,0,0,0,0,0,0,0,0,0,0,0,0,0,1,1,1,0,0,0,0,0,0,0,1,0,0,0,1,1,0,0,1,1,1,1,1,1,1,1,1,1,0,0,0,0,1,1,0,1,1,0,0,1,0,1,0,0,1,0,0,0,0,0,0,0,0,1,0,1,0,0,0,0,0,0,0,1,0,0,0,0,0,1,0,0,0,0,FALSE
102,844274,0,0,0,0,0,0.946696281,0,1,0,0,0,0,0,0,0,0,0,0,0,0,0,0,1,0,0,0,0,0,0,0,0,0,0,0,0,0,0,0,0,0,0,0,0,1.196744084,1,0,0,0,0,0,0,0,0,0,0,0,0,0,0,0,0,0,0,0,0,0,0,0,0,0,0,0,0,0,0,0,0,0,0,0,1,0,0,1,0,0,0,1.0236832,1.074469219,1.084146906,0.142857143,0,0,0,0,0,0,0,0,0,0,0,0,0,0,0,0,0,0,0,0,0,0,0,0,0,0,0,0,0,0,0,0.006882881,0,0,1,0.006882881,0.946696281,0,2.840088844,0,0,0,0,2,7,0,0,0,5818,0,0,0,0,0,0,0,0,0,0,0,0,0,0,0,1,1,0,0,1,1,0,0,1,0,1,0,0,0,0,0,0,0,0,0,0,0,0,0,0,0,0,0,1,1,0,0,0,1,1,0,1,0,1,0,1,0,1,1,1,1,1,1,1,1,1,1,0,0,0,0,0,0,0,0,0,0,0,0,0,0,0,0,0,0,0,0,0,1,0,0,0,0,0,0,1,0,1,0,1,1,1,1,1,1,1,1,1,1,1,1,1,1,1,1,1,1,1,1,1,1,0,0,0,0,1,1,1,0,1,0,1,0,1,1,0,1,1,1,1,1,0,0,1,0,1,0,0,0,1,0,0,0,1,0,0,0,0,0,1,1,1,1,1,FALSE
